Date,Match,Market,Confidence,Pick,Estimated_Value_Odds,Recommended_Stake
2026-05-17,Manchester Utd vs Nottingham Forest,Double Chance 1X (Home or Draw),66.7%,1,1.42,50.0
2026-05-17,Leeds United vs Brighton,Double Chance X2 (Away or Draw),69.1%,1,1.38,50.0
2026-05-17,Everton vs Sunderland,Double Chance 1X (Home or Draw),66.2%,1,1.43,50.0
2026-05-17,Everton vs Sunderland,Double Chance X2 (Away or Draw),57.9%,1,1.64,50.0
2026-05-17,Brentford vs Crystal Palace,Double Chance X2 (Away or Draw),58.2%,1,1.63,50.0
2026-05-17,Wolves vs Fulham,Double Chance X2 (Away or Draw),71.4%,1,1.33,50.0
2026-05-17,Newcastle United vs West Ham United,Double Chance 1X (Home or Draw),72.2%,1,1.32,50.0
2026-05-19,Bournemouth vs Manchester City,Double Chance X2 (Away or Draw),71.4%,1,1.33,50.0
2026-05-19,Bournemouth vs Manchester City,Over 2.5 Goals,57.3%,1,1.66,50.0
2026-05-19,Chelsea vs Tottenham Hotspur,Double Chance 1X (Home or Draw),78.9%,1,1.2,50.0
2026-05-24,Burnley vs Wolves,Double Chance X2 (Away or Draw),69.1%,1,1.38,50.0
2026-05-24,Liverpool vs Brentford,Double Chance 1X (Home or Draw),67.8%,1,1.4,50.0
2026-05-24,West Ham United vs Leeds United,Double Chance X2 (Away or Draw),69.6%,1,1.36,50.0
2026-05-24,Nottingham Forest vs Bournemouth,Double Chance X2 (Away or Draw),65.4%,1,1.45,50.0
2026-05-24,Sunderland vs Chelsea,Double Chance X2 (Away or Draw),69.6%,1,1.37,50.0
2026-05-24,Fulham vs Newcastle United,Double Chance X2 (Away or Draw),57.9%,1,1.64,50.0
2026-05-24,Brighton vs Manchester Utd,Double Chance X2 (Away or Draw),60.4%,1,1.57,50.0
2026-05-24,Brighton vs Manchester Utd,Double Chance 1X (Home or Draw),58.5%,1,1.63,50.0
2026-05-24,Manchester City vs Aston Villa,Double Chance 1X (Home or Draw),72.4%,1,1.31,50.0
2026-05-24,Crystal Palace vs Arsenal,Double Chance X2 (Away or Draw),75.7%,1,1.26,50.0
2026-05-24,Crystal Palace vs Arsenal,Over 2.5 Goals,60.9%,1,1.56,50.0
2026-05-24,Tottenham Hotspur vs Everton,Double Chance X2 (Away or Draw),77.8%,1,1.22,50.0
