league,season,game,week,day,date,time,home_team,score,away_team,attendance,venue,referee,match_report,notes,game_id
ENG-Premier League,1819,2018-08-10 Manchester Utd-Leicester City,1,Fri,2018-08-10,20:00 (15:00),Manchester Utd,2–1,Leicester City,74439,Old Trafford,Andre Marriner,/en/matches/3ae83896/Manchester-United-Leicester-City-August-10-2018-Premier-League,,3ae83896
ENG-Premier League,1819,2018-08-11 Bournemouth-Cardiff City,1,Sat,2018-08-11,15:00 (10:00),Bournemouth,2–0,Cardiff City,10353,Vitality Stadium,Kevin Friend,/en/matches/352f5574/Bournemouth-Cardiff-City-August-11-2018-Premier-League,,352f5574
ENG-Premier League,1819,2018-08-11 Fulham-Crystal Palace,1,Sat,2018-08-11,15:00 (10:00),Fulham,0–2,Crystal Palace,24821,Craven Cottage,Mike Dean,/en/matches/30875601/Fulham-Crystal-Palace-August-11-2018-Premier-League,,30875601
ENG-Premier League,1819,2018-08-11 Huddersfield Town-Chelsea,1,Sat,2018-08-11,15:00 (10:00),Huddersfield Town,0–3,Chelsea,24121,The John Smith's Stadium,Chris Kavanagh,/en/matches/d82a37a7/Huddersfield-Town-Chelsea-August-11-2018-Premier-League,,d82a37a7
ENG-Premier League,1819,2018-08-11 Newcastle United-Tottenham Hotspur,1,Sat,2018-08-11,12:30 (07:30),Newcastle United,1–2,Tottenham Hotspur,51749,St. James' Park,Martin Atkinson,/en/matches/dce15e01/Newcastle-United-Tottenham-Hotspur-August-11-2018-Premier-League,,dce15e01
ENG-Premier League,1819,2018-08-11 Watford-Brighton,1,Sat,2018-08-11,15:00 (10:00),Watford,2–0,Brighton,20051,Vicarage Road Stadium,Jonathan Moss,/en/matches/b3a7c703/Watford-Brighton-and-Hove-Albion-August-11-2018-Premier-League,,b3a7c703
ENG-Premier League,1819,2018-08-11 Wolves-Everton,1,Sat,2018-08-11,17:30 (12:30),Wolves,2–2,Everton,31231,Molineux Stadium,Craig Pawson,/en/matches/8dc8eaeb/Wolverhampton-Wanderers-Everton-August-11-2018-Premier-League,,8dc8eaeb
ENG-Premier League,1819,2018-08-12 Arsenal-Manchester City,1,Sun,2018-08-12,16:00 (12:00),Arsenal,0–2,Manchester City,59934,Emirates Stadium,Michael Oliver,/en/matches/478e9dab/Arsenal-Manchester-City-August-12-2018-Premier-League,,478e9dab
ENG-Premier League,1819,2018-08-12 Liverpool-West Ham United,1,Sun,2018-08-12,13:30 (09:30),Liverpool,4–0,West Ham United,53235,Anfield,Anthony Taylor,/en/matches/fc2c1788/Liverpool-West-Ham-United-August-12-2018-Premier-League,,fc2c1788
ENG-Premier League,1819,2018-08-12 Southampton-Burnley,1,Sun,2018-08-12,13:30 (09:30),Southampton,0–0,Burnley,30784,St. Mary's Stadium,Graham Scott,/en/matches/aadb88b9/Southampton-Burnley-August-12-2018-Premier-League,,aadb88b9
ENG-Premier League,1819,2018-08-18 Cardiff City-Newcastle United,2,Sat,2018-08-18,12:30 (08:30),Cardiff City,0–0,Newcastle United,30720,Cardiff City Stadium,Craig Pawson,/en/matches/8b9218b2/Cardiff-City-Newcastle-United-August-18-2018-Premier-League,,8b9218b2
ENG-Premier League,1819,2018-08-18 Chelsea-Arsenal,2,Sat,2018-08-18,17:30 (13:30),Chelsea,3–2,Arsenal,40491,Stamford Bridge,Martin Atkinson,/en/matches/9b69882c/North-West-London-Derby-Chelsea-Arsenal-August-18-2018-Premier-League,,9b69882c
ENG-Premier League,1819,2018-08-18 Everton-Southampton,2,Sat,2018-08-18,15:00 (11:00),Everton,2–1,Southampton,38601,Goodison Park,Lee Mason,/en/matches/7b877ffd/Everton-Southampton-August-18-2018-Premier-League,,7b877ffd
ENG-Premier League,1819,2018-08-18 Leicester City-Wolves,2,Sat,2018-08-18,15:00 (11:00),Leicester City,2–0,Wolves,32043,King Power Stadium,Mike Dean,/en/matches/8088d605/Leicester-City-Wolverhampton-Wanderers-August-18-2018-Premier-League,,8088d605
ENG-Premier League,1819,2018-08-18 Tottenham Hotspur-Fulham,2,Sat,2018-08-18,15:00 (11:00),Tottenham Hotspur,3–1,Fulham,58297,Wembley Stadium,Anthony Taylor,/en/matches/aa8f0365/Tottenham-Hotspur-Fulham-August-18-2018-Premier-League,,aa8f0365
ENG-Premier League,1819,2018-08-18 West Ham United-Bournemouth,2,Sat,2018-08-18,15:00 (11:00),West Ham United,1–2,Bournemouth,56888,London Stadium,Stuart Attwell,/en/matches/19d6b566/West-Ham-United-Bournemouth-August-18-2018-Premier-League,,19d6b566
ENG-Premier League,1819,2018-08-19 Brighton-Manchester Utd,2,Sun,2018-08-19,16:00 (12:00),Brighton,3–2,Manchester Utd,30592,The American Express Community Stadium,Kevin Friend,/en/matches/620ebbfd/Brighton-and-Hove-Albion-Manchester-United-August-19-2018-Premier-League,,620ebbfd
ENG-Premier League,1819,2018-08-19 Burnley-Watford,2,Sun,2018-08-19,13:30 (09:30),Burnley,1–3,Watford,18822,Turf Moor,Paul Tierney,/en/matches/5f6c378d/Burnley-Watford-August-19-2018-Premier-League,,5f6c378d
ENG-Premier League,1819,2018-08-19 Manchester City-Huddersfield Town,2,Sun,2018-08-19,13:30 (09:30),Manchester City,6–1,Huddersfield Town,54021,Etihad Stadium,Andre Marriner,/en/matches/64ee90d5/Manchester-City-Huddersfield-Town-August-19-2018-Premier-League,,64ee90d5
ENG-Premier League,1819,2018-08-20 Crystal Palace-Liverpool,2,Mon,2018-08-20,20:00 (16:00),Crystal Palace,0–2,Liverpool,25750,Selhurst Park,Michael Oliver,/en/matches/24e4536f/Crystal-Palace-Liverpool-August-20-2018-Premier-League,,24e4536f
ENG-Premier League,1819,2018-08-25 Arsenal-West Ham United,3,Sat,2018-08-25,15:00 (11:00),Arsenal,3–1,West Ham United,59830,Emirates Stadium,Graham Scott,/en/matches/0014076a/Arsenal-West-Ham-United-August-25-2018-Premier-League,,0014076a
ENG-Premier League,1819,2018-08-25 Bournemouth-Everton,3,Sat,2018-08-25,15:00 (11:00),Bournemouth,2–2,Everton,10654,Vitality Stadium,Lee Probert,/en/matches/b9a56747/Bournemouth-Everton-August-25-2018-Premier-League,,b9a56747
ENG-Premier League,1819,2018-08-25 Huddersfield Town-Cardiff City,3,Sat,2018-08-25,15:00 (11:00),Huddersfield Town,0–0,Cardiff City,21193,The John Smith's Stadium,Michael Oliver,/en/matches/846881a8/Huddersfield-Town-Cardiff-City-August-25-2018-Premier-League,,846881a8
ENG-Premier League,1819,2018-08-25 Liverpool-Brighton,3,Sat,2018-08-25,17:30 (13:30),Liverpool,1–0,Brighton,53294,Anfield,Chris Kavanagh,/en/matches/db5e61cc/Liverpool-Brighton-and-Hove-Albion-August-25-2018-Premier-League,,db5e61cc
ENG-Premier League,1819,2018-08-25 Southampton-Leicester City,3,Sat,2018-08-25,15:00 (11:00),Southampton,1–2,Leicester City,29925,St. Mary's Stadium,Jonathan Moss,/en/matches/4e5f55cb/Southampton-Leicester-City-August-25-2018-Premier-League,,4e5f55cb
ENG-Premier League,1819,2018-08-25 Wolves-Manchester City,3,Sat,2018-08-25,12:30 (08:30),Wolves,1–1,Manchester City,31322,Molineux Stadium,Martin Atkinson,/en/matches/a25a3f33/Wolverhampton-Wanderers-Manchester-City-August-25-2018-Premier-League,,a25a3f33
ENG-Premier League,1819,2018-08-26 Fulham-Burnley,3,Sun,2018-08-26,16:00 (12:00),Fulham,4–2,Burnley,23438,Craven Cottage,David Coote,/en/matches/55af3b90/Fulham-Burnley-August-26-2018-Premier-League,,55af3b90
ENG-Premier League,1819,2018-08-26 Newcastle United-Chelsea,3,Sun,2018-08-26,16:00 (12:00),Newcastle United,1–2,Chelsea,51791,St. James' Park,Paul Tierney,/en/matches/e8521900/Newcastle-United-Chelsea-August-26-2018-Premier-League,,e8521900
ENG-Premier League,1819,2018-08-26 Watford-Crystal Palace,3,Sun,2018-08-26,13:30 (09:30),Watford,2–1,Crystal Palace,20014,Vicarage Road Stadium,Anthony Taylor,/en/matches/6ad36993/Watford-Crystal-Palace-August-26-2018-Premier-League,,6ad36993
ENG-Premier League,1819,2018-08-27 Manchester Utd-Tottenham Hotspur,3,Mon,2018-08-27,20:00 (16:00),Manchester Utd,0–3,Tottenham Hotspur,74400,Old Trafford,Craig Pawson,/en/matches/4bda33db/Manchester-United-Tottenham-Hotspur-August-27-2018-Premier-League,,4bda33db
ENG-Premier League,1819,2018-09-01 Brighton-Fulham,4,Sat,2018-09-01,15:00 (11:00),Brighton,2–2,Fulham,30526,The American Express Community Stadium,Lee Probert,/en/matches/51055c21/Brighton-and-Hove-Albion-Fulham-September-1-2018-Premier-League,,51055c21
ENG-Premier League,1819,2018-09-01 Chelsea-Bournemouth,4,Sat,2018-09-01,15:00 (11:00),Chelsea,2–0,Bournemouth,40178,Stamford Bridge,Lee Mason,/en/matches/95fc9c84/Chelsea-Bournemouth-September-1-2018-Premier-League,,95fc9c84
ENG-Premier League,1819,2018-09-01 Crystal Palace-Southampton,4,Sat,2018-09-01,15:00 (11:00),Crystal Palace,0–2,Southampton,25495,Selhurst Park,Martin Atkinson,/en/matches/2909fa0b/Crystal-Palace-Southampton-September-1-2018-Premier-League,,2909fa0b
ENG-Premier League,1819,2018-09-01 Everton-Huddersfield Town,4,Sat,2018-09-01,15:00 (11:00),Everton,1–1,Huddersfield Town,38767,Goodison Park,Stuart Attwell,/en/matches/a3a1e07f/Everton-Huddersfield-Town-September-1-2018-Premier-League,,a3a1e07f
ENG-Premier League,1819,2018-09-01 Leicester City-Liverpool,4,Sat,2018-09-01,12:30 (08:30),Leicester City,1–2,Liverpool,32149,King Power Stadium,Paul Tierney,/en/matches/265bb7a5/Leicester-City-Liverpool-September-1-2018-Premier-League,,265bb7a5
ENG-Premier League,1819,2018-09-01 Manchester City-Newcastle United,4,Sat,2018-09-01,17:30 (13:30),Manchester City,2–1,Newcastle United,53946,Etihad Stadium,Kevin Friend,/en/matches/f74a4680/Manchester-City-Newcastle-United-September-1-2018-Premier-League,,f74a4680
ENG-Premier League,1819,2018-09-01 West Ham United-Wolves,4,Sat,2018-09-01,15:00 (11:00),West Ham United,0–1,Wolves,56947,London Stadium,Chris Kavanagh,/en/matches/c600b8ae/West-Ham-United-Wolverhampton-Wanderers-September-1-2018-Premier-League,,c600b8ae
ENG-Premier League,1819,2018-09-02 Burnley-Manchester Utd,4,Sun,2018-09-02,16:00 (12:00),Burnley,0–2,Manchester Utd,21525,Turf Moor,Jonathan Moss,/en/matches/c2561ae7/Burnley-Manchester-United-September-2-2018-Premier-League,,c2561ae7
ENG-Premier League,1819,2018-09-02 Cardiff City-Arsenal,4,Sun,2018-09-02,13:30 (09:30),Cardiff City,2–3,Arsenal,32316,Cardiff City Stadium,Anthony Taylor,/en/matches/c1503e09/Cardiff-City-Arsenal-September-2-2018-Premier-League,,c1503e09
ENG-Premier League,1819,2018-09-02 Watford-Tottenham Hotspur,4,Sun,2018-09-02,16:00 (12:00),Watford,2–1,Tottenham Hotspur,20141,Vicarage Road Stadium,Andre Marriner,/en/matches/882380f8/Watford-Tottenham-Hotspur-September-2-2018-Premier-League,,882380f8
ENG-Premier League,1819,2018-09-15 Bournemouth-Leicester City,5,Sat,2018-09-15,15:00 (11:00),Bournemouth,4–2,Leicester City,10543,Vitality Stadium,Craig Pawson,/en/matches/ed9bdfa8/Bournemouth-Leicester-City-September-15-2018-Premier-League,,ed9bdfa8
ENG-Premier League,1819,2018-09-15 Chelsea-Cardiff City,5,Sat,2018-09-15,15:00 (11:00),Chelsea,4–1,Cardiff City,40499,Stamford Bridge,Jonathan Moss,/en/matches/f82c343c/Chelsea-Cardiff-City-September-15-2018-Premier-League,,f82c343c
ENG-Premier League,1819,2018-09-15 Huddersfield Town-Crystal Palace,5,Sat,2018-09-15,15:00 (11:00),Huddersfield Town,0–1,Crystal Palace,23696,The John Smith's Stadium,Lee Mason,/en/matches/74198c9b/Huddersfield-Town-Crystal-Palace-September-15-2018-Premier-League,,74198c9b
ENG-Premier League,1819,2018-09-15 Manchester City-Fulham,5,Sat,2018-09-15,15:00 (11:00),Manchester City,3–0,Fulham,53307,Etihad Stadium,Stuart Attwell,/en/matches/2e19378a/Manchester-City-Fulham-September-15-2018-Premier-League,,2e19378a
ENG-Premier League,1819,2018-09-15 Newcastle United-Arsenal,5,Sat,2018-09-15,15:00 (11:00),Newcastle United,1–2,Arsenal,52165,St. James' Park,Lee Probert,/en/matches/b53e182d/Newcastle-United-Arsenal-September-15-2018-Premier-League,,b53e182d
ENG-Premier League,1819,2018-09-15 Tottenham Hotspur-Liverpool,5,Sat,2018-09-15,12:30 (08:30),Tottenham Hotspur,1–2,Liverpool,80188,Wembley Stadium,Michael Oliver,/en/matches/83ca29de/Tottenham-Hotspur-Liverpool-September-15-2018-Premier-League,,83ca29de
ENG-Premier League,1819,2018-09-15 Watford-Manchester Utd,5,Sat,2018-09-15,17:30 (13:30),Watford,1–2,Manchester Utd,20537,Vicarage Road Stadium,Mike Dean,/en/matches/b05c0b05/Watford-Manchester-United-September-15-2018-Premier-League,,b05c0b05
ENG-Premier League,1819,2018-09-16 Everton-West Ham United,5,Sun,2018-09-16,16:00 (12:00),Everton,1–3,West Ham United,39161,Goodison Park,Martin Atkinson,/en/matches/d7a7d583/Everton-West-Ham-United-September-16-2018-Premier-League,,d7a7d583
ENG-Premier League,1819,2018-09-16 Wolves-Burnley,5,Sun,2018-09-16,13:30 (09:30),Wolves,1–0,Burnley,30406,Molineux Stadium,Andre Marriner,/en/matches/50f2128e/Wolverhampton-Wanderers-Burnley-September-16-2018-Premier-League,,50f2128e
ENG-Premier League,1819,2018-09-17 Southampton-Brighton,5,Mon,2018-09-17,20:00 (16:00),Southampton,2–2,Brighton,28811,St. Mary's Stadium,Anthony Taylor,/en/matches/7f31aba2/Southampton-Brighton-and-Hove-Albion-September-17-2018-Premier-League,,7f31aba2
ENG-Premier League,1819,2018-09-22 Brighton-Tottenham Hotspur,6,Sat,2018-09-22,17:30 (13:30),Brighton,1–2,Tottenham Hotspur,30531,The American Express Community Stadium,Chris Kavanagh,/en/matches/6fe3c413/Brighton-and-Hove-Albion-Tottenham-Hotspur-September-22-2018-Premier-League,,6fe3c413
ENG-Premier League,1819,2018-09-22 Burnley-Bournemouth,6,Sat,2018-09-22,15:00 (11:00),Burnley,4–0,Bournemouth,18636,Turf Moor,Anthony Taylor,/en/matches/7685b966/Burnley-Bournemouth-September-22-2018-Premier-League,,7685b966
ENG-Premier League,1819,2018-09-22 Cardiff City-Manchester City,6,Sat,2018-09-22,15:00 (11:00),Cardiff City,0–5,Manchester City,32321,Cardiff City Stadium,Michael Oliver,/en/matches/41dde04a/Cardiff-City-Manchester-City-September-22-2018-Premier-League,,41dde04a
ENG-Premier League,1819,2018-09-22 Crystal Palace-Newcastle United,6,Sat,2018-09-22,15:00 (11:00),Crystal Palace,0–0,Newcastle United,25679,Selhurst Park,Andre Marriner,/en/matches/0cfd5c85/Crystal-Palace-Newcastle-United-September-22-2018-Premier-League,,0cfd5c85
ENG-Premier League,1819,2018-09-22 Fulham-Watford,6,Sat,2018-09-22,12:30 (08:30),Fulham,1–1,Watford,23418,Craven Cottage,Martin Atkinson,/en/matches/cf44aa9f/Fulham-Watford-September-22-2018-Premier-League,,cf44aa9f
ENG-Premier League,1819,2018-09-22 Leicester City-Huddersfield Town,6,Sat,2018-09-22,15:00 (11:00),Leicester City,3–1,Huddersfield Town,31676,King Power Stadium,David Coote,/en/matches/b16f9070/Leicester-City-Huddersfield-Town-September-22-2018-Premier-League,,b16f9070
ENG-Premier League,1819,2018-09-22 Liverpool-Southampton,6,Sat,2018-09-22,15:00 (11:00),Liverpool,3–0,Southampton,50965,Anfield,Paul Tierney,/en/matches/65050401/Liverpool-Southampton-September-22-2018-Premier-League,,65050401
ENG-Premier League,1819,2018-09-22 Manchester Utd-Wolves,6,Sat,2018-09-22,15:00 (11:00),Manchester Utd,1–1,Wolves,74489,Old Trafford,Kevin Friend,/en/matches/939e3a15/Manchester-United-Wolverhampton-Wanderers-September-22-2018-Premier-League,,939e3a15
ENG-Premier League,1819,2018-09-23 Arsenal-Everton,6,Sun,2018-09-23,16:00 (12:00),Arsenal,2–0,Everton,59964,Emirates Stadium,Jonathan Moss,/en/matches/a1fb6176/Arsenal-Everton-September-23-2018-Premier-League,,a1fb6176
ENG-Premier League,1819,2018-09-23 West Ham United-Chelsea,6,Sun,2018-09-23,13:30 (09:30),West Ham United,0–0,Chelsea,56875,London Stadium,Mike Dean,/en/matches/c09e4868/West-Ham-United-Chelsea-September-23-2018-Premier-League,,c09e4868
ENG-Premier League,1819,2018-09-29 Arsenal-Watford,7,Sat,2018-09-29,15:00 (11:00),Arsenal,2–0,Watford,60019,Emirates Stadium,Anthony Taylor,/en/matches/d51c2069/Arsenal-Watford-September-29-2018-Premier-League,,d51c2069
ENG-Premier League,1819,2018-09-29 Chelsea-Liverpool,7,Sat,2018-09-29,17:30 (13:30),Chelsea,1–1,Liverpool,40625,Stamford Bridge,Andre Marriner,/en/matches/83743ea9/Chelsea-Liverpool-September-29-2018-Premier-League,,83743ea9
ENG-Premier League,1819,2018-09-29 Everton-Fulham,7,Sat,2018-09-29,15:00 (11:00),Everton,3–0,Fulham,38788,Goodison Park,Roger East,/en/matches/1e6da91a/Everton-Fulham-September-29-2018-Premier-League,,1e6da91a
ENG-Premier League,1819,2018-09-29 Huddersfield Town-Tottenham Hotspur,7,Sat,2018-09-29,15:00 (11:00),Huddersfield Town,0–2,Tottenham Hotspur,23885,The John Smith's Stadium,Craig Pawson,/en/matches/de08a7f1/Huddersfield-Town-Tottenham-Hotspur-September-29-2018-Premier-League,,de08a7f1
ENG-Premier League,1819,2018-09-29 Manchester City-Brighton,7,Sat,2018-09-29,15:00 (11:00),Manchester City,2–0,Brighton,54152,Etihad Stadium,Lee Mason,/en/matches/d64da66e/Manchester-City-Brighton-and-Hove-Albion-September-29-2018-Premier-League,,d64da66e
ENG-Premier League,1819,2018-09-29 Newcastle United-Leicester City,7,Sat,2018-09-29,15:00 (11:00),Newcastle United,0–2,Leicester City,51523,St. James' Park,Simon Hooper,/en/matches/0fe30564/Newcastle-United-Leicester-City-September-29-2018-Premier-League,,0fe30564
ENG-Premier League,1819,2018-09-29 West Ham United-Manchester Utd,7,Sat,2018-09-29,12:30 (08:30),West Ham United,3–1,Manchester Utd,56938,London Stadium,Michael Oliver,/en/matches/f6e0fe6b/West-Ham-United-Manchester-United-September-29-2018-Premier-League,,f6e0fe6b
ENG-Premier League,1819,2018-09-29 Wolves-Southampton,7,Sat,2018-09-29,15:00 (11:00),Wolves,2–0,Southampton,31147,Molineux Stadium,Stuart Attwell,/en/matches/85cb9e4e/Wolverhampton-Wanderers-Southampton-September-29-2018-Premier-League,,85cb9e4e
ENG-Premier League,1819,2018-09-30 Cardiff City-Burnley,7,Sun,2018-09-30,16:00 (12:00),Cardiff City,1–2,Burnley,30411,Cardiff City Stadium,Martin Atkinson,/en/matches/a9b46822/Cardiff-City-Burnley-September-30-2018-Premier-League,,a9b46822
ENG-Premier League,1819,2018-10-01 Bournemouth-Crystal Palace,7,Mon,2018-10-01,20:00 (16:00),Bournemouth,2–1,Crystal Palace,10199,Vitality Stadium,Mike Dean,/en/matches/82f2e66c/Bournemouth-Crystal-Palace-October-1-2018-Premier-League,,82f2e66c
ENG-Premier League,1819,2018-10-05 Brighton-West Ham United,8,Fri,2018-10-05,20:00 (16:00),Brighton,1–0,West Ham United,30544,The American Express Community Stadium,Kevin Friend,/en/matches/cf0741b9/Brighton-and-Hove-Albion-West-Ham-United-October-5-2018-Premier-League,,cf0741b9
ENG-Premier League,1819,2018-10-06 Burnley-Huddersfield Town,8,Sat,2018-10-06,15:00 (11:00),Burnley,1–1,Huddersfield Town,20533,Turf Moor,Chris Kavanagh,/en/matches/60ecfc10/Burnley-Huddersfield-Town-October-6-2018-Premier-League,,60ecfc10
ENG-Premier League,1819,2018-10-06 Crystal Palace-Wolves,8,Sat,2018-10-06,15:00 (11:00),Crystal Palace,0–1,Wolves,25715,Selhurst Park,Michael Oliver,/en/matches/e4ee9373/Crystal-Palace-Wolverhampton-Wanderers-October-6-2018-Premier-League,,e4ee9373
ENG-Premier League,1819,2018-10-06 Leicester City-Everton,8,Sat,2018-10-06,15:00 (11:00),Leicester City,1–2,Everton,32007,King Power Stadium,Andre Marriner,/en/matches/1be8f2f0/Leicester-City-Everton-October-6-2018-Premier-League,,1be8f2f0
ENG-Premier League,1819,2018-10-06 Manchester Utd-Newcastle United,8,Sat,2018-10-06,17:30 (13:30),Manchester Utd,3–2,Newcastle United,74519,Old Trafford,Anthony Taylor,/en/matches/1c869de5/Manchester-United-Newcastle-United-October-6-2018-Premier-League,,1c869de5
ENG-Premier League,1819,2018-10-06 Tottenham Hotspur-Cardiff City,8,Sat,2018-10-06,15:00 (11:00),Tottenham Hotspur,1–0,Cardiff City,43268,Wembley Stadium,Mike Dean,/en/matches/8c7db89e/Tottenham-Hotspur-Cardiff-City-October-6-2018-Premier-League,,8c7db89e
ENG-Premier League,1819,2018-10-06 Watford-Bournemouth,8,Sat,2018-10-06,15:00 (11:00),Watford,0–4,Bournemouth,20139,Vicarage Road Stadium,Jonathan Moss,/en/matches/c3a37856/Watford-Bournemouth-October-6-2018-Premier-League,,c3a37856
ENG-Premier League,1819,2018-10-07 Fulham-Arsenal,8,Sun,2018-10-07,12:00 (08:00),Fulham,1–5,Arsenal,25401,Craven Cottage,Paul Tierney,/en/matches/af4e1f4f/Fulham-Arsenal-October-7-2018-Premier-League,,af4e1f4f
ENG-Premier League,1819,2018-10-07 Liverpool-Manchester City,8,Sun,2018-10-07,16:30 (12:30),Liverpool,0–0,Manchester City,52117,Anfield,Martin Atkinson,/en/matches/73e7196e/Liverpool-Manchester-City-October-7-2018-Premier-League,,73e7196e
ENG-Premier League,1819,2018-10-07 Southampton-Chelsea,8,Sun,2018-10-07,14:15 (10:15),Southampton,0–3,Chelsea,27077,St. Mary's Stadium,Craig Pawson,/en/matches/afea8fbd/Southampton-Chelsea-October-7-2018-Premier-League,,afea8fbd
ENG-Premier League,1819,2018-10-20 Bournemouth-Southampton,9,Sat,2018-10-20,15:00 (11:00),Bournemouth,0–0,Southampton,10986,Vitality Stadium,Lee Probert,/en/matches/1027bc75/Bournemouth-Southampton-October-20-2018-Premier-League,,1027bc75
ENG-Premier League,1819,2018-10-20 Cardiff City-Fulham,9,Sat,2018-10-20,15:00 (11:00),Cardiff City,4–2,Fulham,29681,Cardiff City Stadium,Kevin Friend,/en/matches/fe1817e3/Cardiff-City-Fulham-October-20-2018-Premier-League,,fe1817e3
ENG-Premier League,1819,2018-10-20 Chelsea-Manchester Utd,9,Sat,2018-10-20,12:30 (08:30),Chelsea,2–2,Manchester Utd,40721,Stamford Bridge,Mike Dean,/en/matches/aff7fdc6/Chelsea-Manchester-United-October-20-2018-Premier-League,,aff7fdc6
ENG-Premier League,1819,2018-10-20 Huddersfield Town-Liverpool,9,Sat,2018-10-20,17:30 (13:30),Huddersfield Town,0–1,Liverpool,24263,The John Smith's Stadium,Michael Oliver,/en/matches/356d83b4/Huddersfield-Town-Liverpool-October-20-2018-Premier-League,,356d83b4
ENG-Premier League,1819,2018-10-20 Manchester City-Burnley,9,Sat,2018-10-20,15:00 (11:00),Manchester City,5–0,Burnley,54094,Etihad Stadium,Jonathan Moss,/en/matches/507786df/Manchester-City-Burnley-October-20-2018-Premier-League,,507786df
ENG-Premier League,1819,2018-10-20 Newcastle United-Brighton,9,Sat,2018-10-20,15:00 (11:00),Newcastle United,0–1,Brighton,50329,St. James' Park,Andre Marriner,/en/matches/a30672ee/Newcastle-United-Brighton-and-Hove-Albion-October-20-2018-Premier-League,,a30672ee
ENG-Premier League,1819,2018-10-20 West Ham United-Tottenham Hotspur,9,Sat,2018-10-20,15:00 (11:00),West Ham United,0–1,Tottenham Hotspur,56921,London Stadium,Martin Atkinson,/en/matches/5dbd9cd7/West-Ham-United-Tottenham-Hotspur-October-20-2018-Premier-League,,5dbd9cd7
ENG-Premier League,1819,2018-10-20 Wolves-Watford,9,Sat,2018-10-20,15:00 (11:00),Wolves,0–2,Watford,31144,Molineux Stadium,Lee Mason,/en/matches/b10be7f2/Wolverhampton-Wanderers-Watford-October-20-2018-Premier-League,,b10be7f2
ENG-Premier League,1819,2018-10-21 Everton-Crystal Palace,9,Sun,2018-10-21,16:00 (12:00),Everton,2–0,Crystal Palace,38668,Goodison Park,Anthony Taylor,/en/matches/2a861cc1/Everton-Crystal-Palace-October-21-2018-Premier-League,,2a861cc1
ENG-Premier League,1819,2018-10-22 Arsenal-Leicester City,9,Mon,2018-10-22,20:00 (16:00),Arsenal,3–1,Leicester City,59886,Emirates Stadium,Chris Kavanagh,/en/matches/9ba76788/Arsenal-Leicester-City-October-22-2018-Premier-League,,9ba76788
ENG-Premier League,1819,2018-10-27 Brighton-Wolves,10,Sat,2018-10-27,15:00 (11:00),Brighton,1–0,Wolves,30654,The American Express Community Stadium,Anthony Taylor,/en/matches/1b2a6c82/Brighton-and-Hove-Albion-Wolverhampton-Wanderers-October-27-2018-Premier-League,,1b2a6c82
ENG-Premier League,1819,2018-10-27 Fulham-Bournemouth,10,Sat,2018-10-27,15:00 (11:00),Fulham,0–3,Bournemouth,25071,Craven Cottage,Andre Marriner,/en/matches/51c18906/Fulham-Bournemouth-October-27-2018-Premier-League,,51c18906
ENG-Premier League,1819,2018-10-27 Leicester City-West Ham United,10,Sat,2018-10-27,17:30 (13:30),Leicester City,1–1,West Ham United,31848,King Power Stadium,Michael Oliver,/en/matches/c55a55c7/Leicester-City-West-Ham-United-October-27-2018-Premier-League,,c55a55c7
ENG-Premier League,1819,2018-10-27 Liverpool-Cardiff City,10,Sat,2018-10-27,15:00 (11:00),Liverpool,4–1,Cardiff City,53373,Anfield,Stuart Attwell,/en/matches/8df7e453/Liverpool-Cardiff-City-October-27-2018-Premier-League,,8df7e453
ENG-Premier League,1819,2018-10-27 Southampton-Newcastle United,10,Sat,2018-10-27,15:00 (11:00),Southampton,0–0,Newcastle United,30736,St. Mary's Stadium,Chris Kavanagh,/en/matches/4e9ca23b/Southampton-Newcastle-United-October-27-2018-Premier-League,,4e9ca23b
ENG-Premier League,1819,2018-10-27 Watford-Huddersfield Town,10,Sat,2018-10-27,15:00 (11:00),Watford,3–0,Huddersfield Town,20457,Vicarage Road Stadium,Mike Dean,/en/matches/af65625b/Watford-Huddersfield-Town-October-27-2018-Premier-League,,af65625b
ENG-Premier League,1819,2018-10-28 Burnley-Chelsea,10,Sun,2018-10-28,13:30 (10:30),Burnley,0–4,Chelsea,21430,Turf Moor,Craig Pawson,/en/matches/69381f97/Burnley-Chelsea-October-28-2018-Premier-League,,69381f97
ENG-Premier League,1819,2018-10-28 Crystal Palace-Arsenal,10,Sun,2018-10-28,13:30 (10:30),Crystal Palace,2–2,Arsenal,25718,Selhurst Park,Martin Atkinson,/en/matches/9113792c/Crystal-Palace-Arsenal-October-28-2018-Premier-League,,9113792c
ENG-Premier League,1819,2018-10-28 Manchester Utd-Everton,10,Sun,2018-10-28,16:00 (13:00),Manchester Utd,2–1,Everton,74525,Old Trafford,Jonathan Moss,/en/matches/746d865f/Manchester-United-Everton-October-28-2018-Premier-League,,746d865f
ENG-Premier League,1819,2018-10-29 Tottenham Hotspur-Manchester City,10,Mon,2018-10-29,20:00 (17:00),Tottenham Hotspur,0–1,Manchester City,56854,Wembley Stadium,Kevin Friend,/en/matches/3d0bcdcb/Tottenham-Hotspur-Manchester-City-October-29-2018-Premier-League,,3d0bcdcb
ENG-Premier League,1819,2018-11-03 Arsenal-Liverpool,11,Sat,2018-11-03,17:30 (14:30),Arsenal,1–1,Liverpool,59993,Emirates Stadium,Andre Marriner,/en/matches/09767606/Arsenal-Liverpool-November-3-2018-Premier-League,,09767606
ENG-Premier League,1819,2018-11-03 Bournemouth-Manchester Utd,11,Sat,2018-11-03,12:30 (09:30),Bournemouth,1–2,Manchester Utd,10792,Vitality Stadium,Paul Tierney,/en/matches/e14699cb/Bournemouth-Manchester-United-November-3-2018-Premier-League,,e14699cb
ENG-Premier League,1819,2018-11-03 Cardiff City-Leicester City,11,Sat,2018-11-03,15:00 (12:00),Cardiff City,0–1,Leicester City,30877,Cardiff City Stadium,Lee Probert,/en/matches/14512519/Cardiff-City-Leicester-City-November-3-2018-Premier-League,,14512519
ENG-Premier League,1819,2018-11-03 Everton-Brighton,11,Sat,2018-11-03,15:00 (12:00),Everton,3–1,Brighton,38966,Goodison Park,David Coote,/en/matches/86e1f618/Everton-Brighton-and-Hove-Albion-November-3-2018-Premier-League,,86e1f618
ENG-Premier League,1819,2018-11-03 Newcastle United-Watford,11,Sat,2018-11-03,15:00 (12:00),Newcastle United,1–0,Watford,49157,St. James' Park,Craig Pawson,/en/matches/b8e33f68/Newcastle-United-Watford-November-3-2018-Premier-League,,b8e33f68
ENG-Premier League,1819,2018-11-03 West Ham United-Burnley,11,Sat,2018-11-03,15:00 (12:00),West Ham United,4–2,Burnley,56862,London Stadium,Roger East,/en/matches/e99cbd39/West-Ham-United-Burnley-November-3-2018-Premier-League,,e99cbd39
ENG-Premier League,1819,2018-11-03 Wolves-Tottenham Hotspur,11,Sat,2018-11-03,19:45 (16:45),Wolves,2–3,Tottenham Hotspur,31185,Molineux Stadium,Mike Dean,/en/matches/b8b6baee/Wolverhampton-Wanderers-Tottenham-Hotspur-November-3-2018-Premier-League,,b8b6baee
ENG-Premier League,1819,2018-11-04 Chelsea-Crystal Palace,11,Sun,2018-11-04,16:00 (13:00),Chelsea,3–1,Crystal Palace,40407,Stamford Bridge,Michael Oliver,/en/matches/e7d32534/Chelsea-Crystal-Palace-November-4-2018-Premier-League,,e7d32534
ENG-Premier League,1819,2018-11-04 Manchester City-Southampton,11,Sun,2018-11-04,15:00 (12:00),Manchester City,6–1,Southampton,53916,Etihad Stadium,Lee Mason,/en/matches/7fcb3ecd/Manchester-City-Southampton-November-4-2018-Premier-League,,7fcb3ecd
ENG-Premier League,1819,2018-11-05 Huddersfield Town-Fulham,11,Mon,2018-11-05,20:00 (17:00),Huddersfield Town,1–0,Fulham,17082,The John Smith's Stadium,Anthony Taylor,/en/matches/f7cf0ef1/Huddersfield-Town-Fulham-November-5-2018-Premier-League,,f7cf0ef1
ENG-Premier League,1819,2018-11-10 Cardiff City-Brighton,12,Sat,2018-11-10,12:30 (09:30),Cardiff City,2–1,Brighton,29402,Cardiff City Stadium,Martin Atkinson,/en/matches/da20ac20/Cardiff-City-Brighton-and-Hove-Albion-November-10-2018-Premier-League,,da20ac20
ENG-Premier League,1819,2018-11-10 Crystal Palace-Tottenham Hotspur,12,Sat,2018-11-10,17:30 (14:30),Crystal Palace,0–1,Tottenham Hotspur,25685,Selhurst Park,Jonathan Moss,/en/matches/e2a8691e/Crystal-Palace-Tottenham-Hotspur-November-10-2018-Premier-League,,e2a8691e
ENG-Premier League,1819,2018-11-10 Huddersfield Town-West Ham United,12,Sat,2018-11-10,15:00 (12:00),Huddersfield Town,1–1,West Ham United,24069,The John Smith's Stadium,Chris Kavanagh,/en/matches/bbf296b3/Huddersfield-Town-West-Ham-United-November-10-2018-Premier-League,,bbf296b3
ENG-Premier League,1819,2018-11-10 Leicester City-Burnley,12,Sat,2018-11-10,15:00 (12:00),Leicester City,0–0,Burnley,32184,King Power Stadium,Mike Dean,/en/matches/bff91ca5/Leicester-City-Burnley-November-10-2018-Premier-League,,bff91ca5
ENG-Premier League,1819,2018-11-10 Newcastle United-Bournemouth,12,Sat,2018-11-10,15:00 (12:00),Newcastle United,2–1,Bournemouth,49266,St. James' Park,Lee Probert,/en/matches/1c2533bb/Newcastle-United-Bournemouth-November-10-2018-Premier-League,,1c2533bb
ENG-Premier League,1819,2018-11-10 Southampton-Watford,12,Sat,2018-11-10,15:00 (12:00),Southampton,1–1,Watford,28153,St. Mary's Stadium,Simon Hooper,/en/matches/dd70055f/Southampton-Watford-November-10-2018-Premier-League,,dd70055f
ENG-Premier League,1819,2018-11-11 Arsenal-Wolves,12,Sun,2018-11-11,16:30 (13:30),Arsenal,1–1,Wolves,60030,Emirates Stadium,Stuart Attwell,/en/matches/419ce689/Arsenal-Wolverhampton-Wanderers-November-11-2018-Premier-League,,419ce689
ENG-Premier League,1819,2018-11-11 Chelsea-Everton,12,Sun,2018-11-11,14:15 (11:15),Chelsea,0–0,Everton,40345,Stamford Bridge,Kevin Friend,/en/matches/ea236312/Chelsea-Everton-November-11-2018-Premier-League,,ea236312
ENG-Premier League,1819,2018-11-11 Liverpool-Fulham,12,Sun,2018-11-11,12:00 (09:00),Liverpool,2–0,Fulham,53128,Anfield,Paul Tierney,/en/matches/44da6811/Liverpool-Fulham-November-11-2018-Premier-League,,44da6811
ENG-Premier League,1819,2018-11-11 Manchester City-Manchester Utd,12,Sun,2018-11-11,16:30 (13:30),Manchester City,3–1,Manchester Utd,54316,Etihad Stadium,Anthony Taylor,/en/matches/78fdbaf6/Manchester-Derby-Manchester-City-Manchester-United-November-11-2018-Premier-League,,78fdbaf6
ENG-Premier League,1819,2018-11-24 Brighton-Leicester City,13,Sat,2018-11-24,15:00 (12:00),Brighton,1–1,Leicester City,30553,The American Express Community Stadium,Chris Kavanagh,/en/matches/52005385/Brighton-and-Hove-Albion-Leicester-City-November-24-2018-Premier-League,,52005385
ENG-Premier League,1819,2018-11-24 Everton-Cardiff City,13,Sat,2018-11-24,15:00 (12:00),Everton,1–0,Cardiff City,39139,Goodison Park,Paul Tierney,/en/matches/792b0e13/Everton-Cardiff-City-November-24-2018-Premier-League,,792b0e13
ENG-Premier League,1819,2018-11-24 Fulham-Southampton,13,Sat,2018-11-24,15:00 (12:00),Fulham,3–2,Southampton,24603,Craven Cottage,Michael Oliver,/en/matches/1e2866b1/Fulham-Southampton-November-24-2018-Premier-League,,1e2866b1
ENG-Premier League,1819,2018-11-24 Manchester Utd-Crystal Palace,13,Sat,2018-11-24,15:00 (12:00),Manchester Utd,0–0,Crystal Palace,74516,Old Trafford,Lee Mason,/en/matches/12d7dc7e/Manchester-United-Crystal-Palace-November-24-2018-Premier-League,,12d7dc7e
ENG-Premier League,1819,2018-11-24 Tottenham Hotspur-Chelsea,13,Sat,2018-11-24,17:30 (14:30),Tottenham Hotspur,3–1,Chelsea,55465,Wembley Stadium,Martin Atkinson,/en/matches/2eca20e6/Tottenham-Hotspur-Chelsea-November-24-2018-Premier-League,,2eca20e6
ENG-Premier League,1819,2018-11-24 Watford-Liverpool,13,Sat,2018-11-24,15:00 (12:00),Watford,0–3,Liverpool,20540,Vicarage Road Stadium,Jonathan Moss,/en/matches/cbebd176/Watford-Liverpool-November-24-2018-Premier-League,,cbebd176
ENG-Premier League,1819,2018-11-24 West Ham United-Manchester City,13,Sat,2018-11-24,15:00 (12:00),West Ham United,0–4,Manchester City,56886,London Stadium,Andre Marriner,/en/matches/345e0f93/West-Ham-United-Manchester-City-November-24-2018-Premier-League,,345e0f93
ENG-Premier League,1819,2018-11-25 Bournemouth-Arsenal,13,Sun,2018-11-25,13:30 (10:30),Bournemouth,1–2,Arsenal,10792,Vitality Stadium,Craig Pawson,/en/matches/753e2ff1/Bournemouth-Arsenal-November-25-2018-Premier-League,,753e2ff1
ENG-Premier League,1819,2018-11-25 Wolves-Huddersfield Town,13,Sun,2018-11-25,16:00 (13:00),Wolves,0–2,Huddersfield Town,30130,Molineux Stadium,Kevin Friend,/en/matches/afb0fe29/Wolverhampton-Wanderers-Huddersfield-Town-November-25-2018-Premier-League,,afb0fe29
ENG-Premier League,1819,2018-11-26 Burnley-Newcastle United,13,Mon,2018-11-26,20:30 (17:30),Burnley,1–2,Newcastle United,20628,Turf Moor,Anthony Taylor,/en/matches/11494d52/Burnley-Newcastle-United-November-26-2018-Premier-League,,11494d52
ENG-Premier League,1819,2018-11-30 Cardiff City-Wolves,14,Fri,2018-11-30,20:00 (17:00),Cardiff City,2–1,Wolves,30213,Cardiff City Stadium,Andre Marriner,/en/matches/c8d648e4/Cardiff-City-Wolverhampton-Wanderers-November-30-2018-Premier-League,,c8d648e4
ENG-Premier League,1819,2018-12-01 Crystal Palace-Burnley,14,Sat,2018-12-01,15:00 (12:00),Crystal Palace,2–0,Burnley,25098,Selhurst Park,Lee Probert,/en/matches/5fb5a6c9/Crystal-Palace-Burnley-December-1-2018-Premier-League,,5fb5a6c9
ENG-Premier League,1819,2018-12-01 Huddersfield Town-Brighton,14,Sat,2018-12-01,15:00 (12:00),Huddersfield Town,1–2,Brighton,22973,The John Smith's Stadium,Michael Oliver,/en/matches/c4b81247/Huddersfield-Town-Brighton-and-Hove-Albion-December-1-2018-Premier-League,,c4b81247
ENG-Premier League,1819,2018-12-01 Leicester City-Watford,14,Sat,2018-12-01,15:00 (12:00),Leicester City,2–0,Watford,31353,King Power Stadium,Graham Scott,/en/matches/db20d5d7/Leicester-City-Watford-December-1-2018-Premier-League,,db20d5d7
ENG-Premier League,1819,2018-12-01 Manchester City-Bournemouth,14,Sat,2018-12-01,15:00 (12:00),Manchester City,3–1,Bournemouth,54409,Etihad Stadium,Stuart Attwell,/en/matches/f54cc2e1/Manchester-City-Bournemouth-December-1-2018-Premier-League,,f54cc2e1
ENG-Premier League,1819,2018-12-01 Newcastle United-West Ham United,14,Sat,2018-12-01,15:00 (12:00),Newcastle United,0–3,West Ham United,51853,St. James' Park,Paul Tierney,/en/matches/4e78a620/Newcastle-United-West-Ham-United-December-1-2018-Premier-League,,4e78a620
ENG-Premier League,1819,2018-12-01 Southampton-Manchester Utd,14,Sat,2018-12-01,17:30 (14:30),Southampton,2–2,Manchester Utd,30187,St. Mary's Stadium,Kevin Friend,/en/matches/981f33f6/Southampton-Manchester-United-December-1-2018-Premier-League,,981f33f6
ENG-Premier League,1819,2018-12-02 Arsenal-Tottenham Hotspur,14,Sun,2018-12-02,14:05 (11:05),Arsenal,4–2,Tottenham Hotspur,59973,Emirates Stadium,Mike Dean,/en/matches/2ddc7388/North-London-Derby-Arsenal-Tottenham-Hotspur-December-2-2018-Premier-League,,2ddc7388
ENG-Premier League,1819,2018-12-02 Chelsea-Fulham,14,Sun,2018-12-02,12:00 (09:00),Chelsea,2–0,Fulham,40551,Stamford Bridge,Craig Pawson,/en/matches/3f74e2d2/Chelsea-Fulham-December-2-2018-Premier-League,,3f74e2d2
ENG-Premier League,1819,2018-12-02 Liverpool-Everton,14,Sun,2018-12-02,16:15 (13:15),Liverpool,1–0,Everton,51756,Anfield,Chris Kavanagh,/en/matches/1f2c2385/Merseyside-Derby-Liverpool-Everton-December-2-2018-Premier-League,,1f2c2385
ENG-Premier League,1819,2018-12-04 Bournemouth-Huddersfield Town,15,Tue,2018-12-04,19:45 (16:45),Bournemouth,2–1,Huddersfield Town,9980,Vitality Stadium,Roger East,/en/matches/98f1ef21/Bournemouth-Huddersfield-Town-December-4-2018-Premier-League,,98f1ef21
ENG-Premier League,1819,2018-12-04 Brighton-Crystal Palace,15,Tue,2018-12-04,19:45 (16:45),Brighton,3–1,Crystal Palace,29663,The American Express Community Stadium,Kevin Friend,/en/matches/07d048d9/Brighton-and-Hove-Albion-Crystal-Palace-December-4-2018-Premier-League,,07d048d9
ENG-Premier League,1819,2018-12-04 Watford-Manchester City,15,Tue,2018-12-04,20:00 (17:00),Watford,1–2,Manchester City,20389,Vicarage Road Stadium,Paul Tierney,/en/matches/bc25da05/Watford-Manchester-City-December-4-2018-Premier-League,,bc25da05
ENG-Premier League,1819,2018-12-04 West Ham United-Cardiff City,15,Tue,2018-12-04,19:45 (16:45),West Ham United,3–1,Cardiff City,56811,London Stadium,Graham Scott,/en/matches/044b4b5a/West-Ham-United-Cardiff-City-December-4-2018-Premier-League,,044b4b5a
ENG-Premier League,1819,2018-12-05 Burnley-Liverpool,15,Wed,2018-12-05,19:45 (16:45),Burnley,1–3,Liverpool,21741,Turf Moor,Stuart Attwell,/en/matches/e222777c/Burnley-Liverpool-December-5-2018-Premier-League,,e222777c
ENG-Premier League,1819,2018-12-05 Everton-Newcastle United,15,Wed,2018-12-05,19:45 (16:45),Everton,1–1,Newcastle United,39350,Goodison Park,Lee Mason,/en/matches/eda94231/Everton-Newcastle-United-December-5-2018-Premier-League,,eda94231
ENG-Premier League,1819,2018-12-05 Fulham-Leicester City,15,Wed,2018-12-05,19:45 (16:45),Fulham,1–1,Leicester City,22881,Craven Cottage,David Coote,/en/matches/6106db5b/Fulham-Leicester-City-December-5-2018-Premier-League,,6106db5b
ENG-Premier League,1819,2018-12-05 Manchester Utd-Arsenal,15,Wed,2018-12-05,20:00 (17:00),Manchester Utd,2–2,Arsenal,74507,Old Trafford,Andre Marriner,/en/matches/12fa1e2f/Manchester-United-Arsenal-December-5-2018-Premier-League,,12fa1e2f
ENG-Premier League,1819,2018-12-05 Tottenham Hotspur-Southampton,15,Wed,2018-12-05,20:00 (17:00),Tottenham Hotspur,3–1,Southampton,33012,Wembley Stadium,Anthony Taylor,/en/matches/85f0d560/Tottenham-Hotspur-Southampton-December-5-2018-Premier-League,,85f0d560
ENG-Premier League,1819,2018-12-05 Wolves-Chelsea,15,Wed,2018-12-05,19:45 (16:45),Wolves,2–1,Chelsea,31300,Molineux Stadium,Jonathan Moss,/en/matches/1f0139bd/Wolverhampton-Wanderers-Chelsea-December-5-2018-Premier-League,,1f0139bd
ENG-Premier League,1819,2018-12-08 Arsenal-Huddersfield Town,16,Sat,2018-12-08,15:00 (12:00),Arsenal,1–0,Huddersfield Town,59893,Emirates Stadium,Paul Tierney,/en/matches/9bcabb8e/Arsenal-Huddersfield-Town-December-8-2018-Premier-League,,9bcabb8e
ENG-Premier League,1819,2018-12-08 Bournemouth-Liverpool,16,Sat,2018-12-08,12:30 (09:30),Bournemouth,0–4,Liverpool,10752,Vitality Stadium,Lee Mason,/en/matches/f7799c66/Bournemouth-Liverpool-December-8-2018-Premier-League,,f7799c66
ENG-Premier League,1819,2018-12-08 Burnley-Brighton,16,Sat,2018-12-08,15:00 (12:00),Burnley,1–0,Brighton,18497,Turf Moor,Martin Atkinson,/en/matches/6d8dc23c/Burnley-Brighton-and-Hove-Albion-December-8-2018-Premier-League,,6d8dc23c
ENG-Premier League,1819,2018-12-08 Cardiff City-Southampton,16,Sat,2018-12-08,15:00 (12:00),Cardiff City,1–0,Southampton,30067,Cardiff City Stadium,Jonathan Moss,/en/matches/8e964f90/Cardiff-City-Southampton-December-8-2018-Premier-League,,8e964f90
ENG-Premier League,1819,2018-12-08 Chelsea-Manchester City,16,Sat,2018-12-08,17:30 (14:30),Chelsea,2–0,Manchester City,40571,Stamford Bridge,Michael Oliver,/en/matches/0ae205b0/Chelsea-Manchester-City-December-8-2018-Premier-League,,0ae205b0
ENG-Premier League,1819,2018-12-08 Leicester City-Tottenham Hotspur,16,Sat,2018-12-08,19:45 (16:45),Leicester City,0–2,Tottenham Hotspur,31957,King Power Stadium,Craig Pawson,/en/matches/703d629f/Leicester-City-Tottenham-Hotspur-December-8-2018-Premier-League,,703d629f
ENG-Premier League,1819,2018-12-08 Manchester Utd-Fulham,16,Sat,2018-12-08,15:00 (12:00),Manchester Utd,4–1,Fulham,74523,Old Trafford,Lee Probert,/en/matches/56b98f03/Manchester-United-Fulham-December-8-2018-Premier-League,,56b98f03
ENG-Premier League,1819,2018-12-08 West Ham United-Crystal Palace,16,Sat,2018-12-08,15:00 (12:00),West Ham United,3–2,Crystal Palace,56995,London Stadium,Anthony Taylor,/en/matches/3b59adbe/West-Ham-United-Crystal-Palace-December-8-2018-Premier-League,,3b59adbe
ENG-Premier League,1819,2018-12-09 Newcastle United-Wolves,16,Sun,2018-12-09,16:00 (13:00),Newcastle United,1–2,Wolves,50223,St. James' Park,Mike Dean,/en/matches/3fabd313/Newcastle-United-Wolverhampton-Wanderers-December-9-2018-Premier-League,,3fabd313
ENG-Premier League,1819,2018-12-10 Everton-Watford,16,Mon,2018-12-10,20:00 (17:00),Everton,2–2,Watford,38400,Goodison Park,Kevin Friend,/en/matches/e05a45bf/Everton-Watford-December-10-2018-Premier-League,,e05a45bf
ENG-Premier League,1819,2018-12-15 Crystal Palace-Leicester City,17,Sat,2018-12-15,15:00 (12:00),Crystal Palace,1–0,Leicester City,24738,Selhurst Park,Michael Oliver,/en/matches/c63dd378/Crystal-Palace-Leicester-City-December-15-2018-Premier-League,,c63dd378
ENG-Premier League,1819,2018-12-15 Fulham-West Ham United,17,Sat,2018-12-15,17:30 (14:30),Fulham,0–2,West Ham United,24081,Craven Cottage,Mike Dean,/en/matches/647e5834/Fulham-West-Ham-United-December-15-2018-Premier-League,,647e5834
ENG-Premier League,1819,2018-12-15 Huddersfield Town-Newcastle United,17,Sat,2018-12-15,15:00 (12:00),Huddersfield Town,0–1,Newcastle United,24036,The John Smith's Stadium,Anthony Taylor,/en/matches/afb65f17/Huddersfield-Town-Newcastle-United-December-15-2018-Premier-League,,afb65f17
ENG-Premier League,1819,2018-12-15 Manchester City-Everton,17,Sat,2018-12-15,12:30 (09:30),Manchester City,3–1,Everton,54173,Etihad Stadium,Craig Pawson,/en/matches/53e034c9/Manchester-City-Everton-December-15-2018-Premier-League,,53e034c9
ENG-Premier League,1819,2018-12-15 Tottenham Hotspur-Burnley,17,Sat,2018-12-15,15:00 (12:00),Tottenham Hotspur,1–0,Burnley,41645,Wembley Stadium,Graham Scott,/en/matches/a539bb48/Tottenham-Hotspur-Burnley-December-15-2018-Premier-League,,a539bb48
ENG-Premier League,1819,2018-12-15 Watford-Cardiff City,17,Sat,2018-12-15,15:00 (12:00),Watford,3–2,Cardiff City,20032,Vicarage Road Stadium,Andy Madley,/en/matches/514e90fd/Watford-Cardiff-City-December-15-2018-Premier-League,,514e90fd
ENG-Premier League,1819,2018-12-15 Wolves-Bournemouth,17,Sat,2018-12-15,15:00 (12:00),Wolves,2–0,Bournemouth,30997,Molineux Stadium,Simon Hooper,/en/matches/f2f44842/Wolverhampton-Wanderers-Bournemouth-December-15-2018-Premier-League,,f2f44842
ENG-Premier League,1819,2018-12-16 Brighton-Chelsea,17,Sun,2018-12-16,13:30 (10:30),Brighton,1–2,Chelsea,30645,The American Express Community Stadium,Stuart Attwell,/en/matches/330a90b9/Brighton-and-Hove-Albion-Chelsea-December-16-2018-Premier-League,,330a90b9
ENG-Premier League,1819,2018-12-16 Liverpool-Manchester Utd,17,Sun,2018-12-16,16:00 (13:00),Liverpool,3–1,Manchester Utd,52908,Anfield,Martin Atkinson,/en/matches/5e74670d/North-West-Derby-Liverpool-Manchester-United-December-16-2018-Premier-League,,5e74670d
ENG-Premier League,1819,2018-12-16 Southampton-Arsenal,17,Sun,2018-12-16,13:30 (10:30),Southampton,3–2,Arsenal,29497,St. Mary's Stadium,Chris Kavanagh,/en/matches/31896db5/Southampton-Arsenal-December-16-2018-Premier-League,,31896db5
ENG-Premier League,1819,2018-12-21 Wolves-Liverpool,18,Fri,2018-12-21,20:00 (17:00),Wolves,0–2,Liverpool,31358,Molineux Stadium,Craig Pawson,/en/matches/c9705ea1/Wolverhampton-Wanderers-Liverpool-December-21-2018-Premier-League,,c9705ea1
ENG-Premier League,1819,2018-12-22 Arsenal-Burnley,18,Sat,2018-12-22,12:30 (09:30),Arsenal,3–1,Burnley,59493,Emirates Stadium,Kevin Friend,/en/matches/ffe874ee/Arsenal-Burnley-December-22-2018-Premier-League,,ffe874ee
ENG-Premier League,1819,2018-12-22 Bournemouth-Brighton,18,Sat,2018-12-22,15:00 (12:00),Bournemouth,2–0,Brighton,10491,Vitality Stadium,Mike Dean,/en/matches/0233399d/Bournemouth-Brighton-and-Hove-Albion-December-22-2018-Premier-League,,0233399d
ENG-Premier League,1819,2018-12-22 Cardiff City-Manchester Utd,18,Sat,2018-12-22,17:30 (14:30),Cardiff City,1–5,Manchester Utd,33028,Cardiff City Stadium,Michael Oliver,/en/matches/7d45c66e/Cardiff-City-Manchester-United-December-22-2018-Premier-League,,7d45c66e
ENG-Premier League,1819,2018-12-22 Chelsea-Leicester City,18,Sat,2018-12-22,15:00 (12:00),Chelsea,0–1,Leicester City,40558,Stamford Bridge,Lee Probert,/en/matches/88800548/Chelsea-Leicester-City-December-22-2018-Premier-League,,88800548
ENG-Premier League,1819,2018-12-22 Huddersfield Town-Southampton,18,Sat,2018-12-22,15:00 (12:00),Huddersfield Town,1–3,Southampton,22384,The John Smith's Stadium,Stuart Attwell,/en/matches/7dfcd16a/Huddersfield-Town-Southampton-December-22-2018-Premier-League,,7dfcd16a
ENG-Premier League,1819,2018-12-22 Manchester City-Crystal Palace,18,Sat,2018-12-22,15:00 (12:00),Manchester City,2–3,Crystal Palace,54340,Etihad Stadium,Andre Marriner,/en/matches/056fa8cd/Manchester-City-Crystal-Palace-December-22-2018-Premier-League,,056fa8cd
ENG-Premier League,1819,2018-12-22 Newcastle United-Fulham,18,Sat,2018-12-22,15:00 (12:00),Newcastle United,0–0,Fulham,51237,St. James' Park,Martin Atkinson,/en/matches/ee7f6109/Newcastle-United-Fulham-December-22-2018-Premier-League,,ee7f6109
ENG-Premier League,1819,2018-12-22 West Ham United-Watford,18,Sat,2018-12-22,15:00 (12:00),West Ham United,0–2,Watford,56833,London Stadium,Lee Mason,/en/matches/1a9ca1ae/West-Ham-United-Watford-December-22-2018-Premier-League,,1a9ca1ae
ENG-Premier League,1819,2018-12-23 Everton-Tottenham Hotspur,18,Sun,2018-12-23,16:00 (13:00),Everton,2–6,Tottenham Hotspur,39319,Goodison Park,Paul Tierney,/en/matches/31157c7c/Everton-Tottenham-Hotspur-December-23-2018-Premier-League,,31157c7c
ENG-Premier League,1819,2018-12-26 Brighton-Arsenal,19,Wed,2018-12-26,17:15 (14:15),Brighton,1–1,Arsenal,30608,The American Express Community Stadium,Anthony Taylor,/en/matches/60a25a27/Brighton-and-Hove-Albion-Arsenal-December-26-2018-Premier-League,,60a25a27
ENG-Premier League,1819,2018-12-26 Burnley-Everton,19,Wed,2018-12-26,15:00 (12:00),Burnley,1–5,Everton,21484,Turf Moor,Michael Oliver,/en/matches/146ab8f3/Burnley-Everton-December-26-2018-Premier-League,,146ab8f3
ENG-Premier League,1819,2018-12-26 Crystal Palace-Cardiff City,19,Wed,2018-12-26,15:00 (12:00),Crystal Palace,0–0,Cardiff City,25206,Selhurst Park,Lee Probert,/en/matches/c58e407b/Crystal-Palace-Cardiff-City-December-26-2018-Premier-League,,c58e407b
ENG-Premier League,1819,2018-12-26 Fulham-Wolves,19,Wed,2018-12-26,12:30 (09:30),Fulham,1–1,Wolves,24382,Craven Cottage,Andre Marriner,/en/matches/8f09048d/Fulham-Wolverhampton-Wanderers-December-26-2018-Premier-League,,8f09048d
ENG-Premier League,1819,2018-12-26 Leicester City-Manchester City,19,Wed,2018-12-26,15:00 (12:00),Leicester City,2–1,Manchester City,32090,King Power Stadium,Mike Dean,/en/matches/56a793f1/Leicester-City-Manchester-City-December-26-2018-Premier-League,,56a793f1
ENG-Premier League,1819,2018-12-26 Liverpool-Newcastle United,19,Wed,2018-12-26,15:00 (12:00),Liverpool,4–0,Newcastle United,53318,Anfield,Graham Scott,/en/matches/3d252639/Liverpool-Newcastle-United-December-26-2018-Premier-League,,3d252639
ENG-Premier League,1819,2018-12-26 Manchester Utd-Huddersfield Town,19,Wed,2018-12-26,15:00 (12:00),Manchester Utd,3–1,Huddersfield Town,74523,Old Trafford,Jonathan Moss,/en/matches/1eacf9b2/Manchester-United-Huddersfield-Town-December-26-2018-Premier-League,,1eacf9b2
ENG-Premier League,1819,2018-12-26 Tottenham Hotspur-Bournemouth,19,Wed,2018-12-26,15:00 (12:00),Tottenham Hotspur,5–0,Bournemouth,45154,Wembley Stadium,Chris Kavanagh,/en/matches/5c08f848/Tottenham-Hotspur-Bournemouth-December-26-2018-Premier-League,,5c08f848
ENG-Premier League,1819,2018-12-26 Watford-Chelsea,19,Wed,2018-12-26,19:30 (16:30),Watford,1–2,Chelsea,20415,Vicarage Road Stadium,Martin Atkinson,/en/matches/1634f179/Watford-Chelsea-December-26-2018-Premier-League,,1634f179
ENG-Premier League,1819,2018-12-27 Southampton-West Ham United,19,Thu,2018-12-27,19:45 (16:45),Southampton,1–2,West Ham United,31654,St. Mary's Stadium,Craig Pawson,/en/matches/697ac3ce/Southampton-West-Ham-United-December-27-2018-Premier-League,,697ac3ce
ENG-Premier League,1819,2018-12-29 Brighton-Everton,20,Sat,2018-12-29,15:00 (12:00),Brighton,1–0,Everton,30597,The American Express Community Stadium,Andy Madley,/en/matches/52202784/Brighton-and-Hove-Albion-Everton-December-29-2018-Premier-League,,52202784
ENG-Premier League,1819,2018-12-29 Fulham-Huddersfield Town,20,Sat,2018-12-29,15:00 (12:00),Fulham,1–0,Huddersfield Town,24423,Craven Cottage,Kevin Friend,/en/matches/2cd7ca82/Fulham-Huddersfield-Town-December-29-2018-Premier-League,,2cd7ca82
ENG-Premier League,1819,2018-12-29 Leicester City-Cardiff City,20,Sat,2018-12-29,15:00 (12:00),Leicester City,0–1,Cardiff City,32047,King Power Stadium,Simon Hooper,/en/matches/b815d126/Leicester-City-Cardiff-City-December-29-2018-Premier-League,,b815d126
ENG-Premier League,1819,2018-12-29 Liverpool-Arsenal,20,Sat,2018-12-29,17:30 (14:30),Liverpool,5–1,Arsenal,53326,Anfield,Michael Oliver,/en/matches/33716a25/Liverpool-Arsenal-December-29-2018-Premier-League,,33716a25
ENG-Premier League,1819,2018-12-29 Tottenham Hotspur-Wolves,20,Sat,2018-12-29,15:00 (12:00),Tottenham Hotspur,1–3,Wolves,46356,Wembley Stadium,Stuart Attwell,/en/matches/d72c42c6/Tottenham-Hotspur-Wolverhampton-Wanderers-December-29-2018-Premier-League,,d72c42c6
ENG-Premier League,1819,2018-12-29 Watford-Newcastle United,20,Sat,2018-12-29,15:00 (12:00),Watford,1–1,Newcastle United,20336,Vicarage Road Stadium,Roger East,/en/matches/06693984/Watford-Newcastle-United-December-29-2018-Premier-League,,06693984
ENG-Premier League,1819,2018-12-30 Burnley-West Ham United,20,Sun,2018-12-30,14:15 (11:15),Burnley,2–0,West Ham United,20933,Turf Moor,David Coote,/en/matches/ac412bcf/Burnley-West-Ham-United-December-30-2018-Premier-League,,ac412bcf
ENG-Premier League,1819,2018-12-30 Crystal Palace-Chelsea,20,Sun,2018-12-30,12:00 (09:00),Crystal Palace,0–1,Chelsea,25781,Selhurst Park,Craig Pawson,/en/matches/060ad174/Crystal-Palace-Chelsea-December-30-2018-Premier-League,,060ad174
ENG-Premier League,1819,2018-12-30 Manchester Utd-Bournemouth,20,Sun,2018-12-30,16:30 (13:30),Manchester Utd,4–1,Bournemouth,74556,Old Trafford,Lee Mason,/en/matches/4c4766d0/Manchester-United-Bournemouth-December-30-2018-Premier-League,,4c4766d0
ENG-Premier League,1819,2018-12-30 Southampton-Manchester City,20,Sun,2018-12-30,14:15 (11:15),Southampton,1–3,Manchester City,31381,St. Mary's Stadium,Paul Tierney,/en/matches/75424968/Southampton-Manchester-City-December-30-2018-Premier-League,,75424968
ENG-Premier League,1819,2019-01-01 Arsenal-Fulham,21,Tue,2019-01-01,15:00 (12:00),Arsenal,4–1,Fulham,59887,Emirates Stadium,Graham Scott,/en/matches/652ef5bb/Arsenal-Fulham-January-1-2019-Premier-League,,652ef5bb
ENG-Premier League,1819,2019-01-01 Cardiff City-Tottenham Hotspur,21,Tue,2019-01-01,17:30 (14:30),Cardiff City,0–3,Tottenham Hotspur,32485,Cardiff City Stadium,Kevin Friend,/en/matches/eac5074c/Cardiff-City-Tottenham-Hotspur-January-1-2019-Premier-League,,eac5074c
ENG-Premier League,1819,2019-01-01 Everton-Leicester City,21,Tue,2019-01-01,12:30 (09:30),Everton,0–1,Leicester City,39052,Goodison Park,Martin Atkinson,/en/matches/6cbc15a7/Everton-Leicester-City-January-1-2019-Premier-League,,6cbc15a7
ENG-Premier League,1819,2019-01-02 Bournemouth-Watford,21,Wed,2019-01-02,19:45 (16:45),Bournemouth,3–3,Watford,10261,Vitality Stadium,David Coote,/en/matches/9a63d65c/Bournemouth-Watford-January-2-2019-Premier-League,,9a63d65c
ENG-Premier League,1819,2019-01-02 Chelsea-Southampton,21,Wed,2019-01-02,19:45 (16:45),Chelsea,0–0,Southampton,40668,Stamford Bridge,Jonathan Moss,/en/matches/a37a4199/Chelsea-Southampton-January-2-2019-Premier-League,,a37a4199
ENG-Premier League,1819,2019-01-02 Huddersfield Town-Burnley,21,Wed,2019-01-02,19:45 (16:45),Huddersfield Town,1–2,Burnley,23715,The John Smith's Stadium,Mike Dean,/en/matches/c9e1c9f0/Huddersfield-Town-Burnley-January-2-2019-Premier-League,,c9e1c9f0
ENG-Premier League,1819,2019-01-02 Newcastle United-Manchester Utd,21,Wed,2019-01-02,20:00 (17:00),Newcastle United,0–2,Manchester Utd,52217,St. James' Park,Andre Marriner,/en/matches/412fe1c7/Newcastle-United-Manchester-United-January-2-2019-Premier-League,,412fe1c7
ENG-Premier League,1819,2019-01-02 West Ham United-Brighton,21,Wed,2019-01-02,19:45 (16:45),West Ham United,2–2,Brighton,59870,London Stadium,Chris Kavanagh,/en/matches/49b9ddde/West-Ham-United-Brighton-and-Hove-Albion-January-2-2019-Premier-League,,49b9ddde
ENG-Premier League,1819,2019-01-02 Wolves-Crystal Palace,21,Wed,2019-01-02,19:45 (16:45),Wolves,0–2,Crystal Palace,30666,Molineux Stadium,Roger East,/en/matches/044d1986/Wolverhampton-Wanderers-Crystal-Palace-January-2-2019-Premier-League,,044d1986
ENG-Premier League,1819,2019-01-03 Manchester City-Liverpool,21,Thu,2019-01-03,20:00 (17:00),Manchester City,2–1,Liverpool,54511,Etihad Stadium,Anthony Taylor,/en/matches/22b630df/Manchester-City-Liverpool-January-3-2019-Premier-League,,22b630df
ENG-Premier League,1819,2019-01-12 Brighton-Liverpool,22,Sat,2019-01-12,15:00 (12:00),Brighton,0–1,Liverpool,30682,The American Express Community Stadium,Kevin Friend,/en/matches/d50a51c0/Brighton-and-Hove-Albion-Liverpool-January-12-2019-Premier-League,,d50a51c0
ENG-Premier League,1819,2019-01-12 Burnley-Fulham,22,Sat,2019-01-12,15:00 (12:00),Burnley,2–1,Fulham,19316,Turf Moor,Martin Atkinson,/en/matches/07bf1373/Burnley-Fulham-January-12-2019-Premier-League,,07bf1373
ENG-Premier League,1819,2019-01-12 Cardiff City-Huddersfield Town,22,Sat,2019-01-12,15:00 (12:00),Cardiff City,0–0,Huddersfield Town,30725,Cardiff City Stadium,Lee Mason,/en/matches/f49f5ccb/Cardiff-City-Huddersfield-Town-January-12-2019-Premier-League,,f49f5ccb
ENG-Premier League,1819,2019-01-12 Chelsea-Newcastle United,22,Sat,2019-01-12,17:30 (14:30),Chelsea,2–1,Newcastle United,40491,Stamford Bridge,Chris Kavanagh,/en/matches/18b60e11/Chelsea-Newcastle-United-January-12-2019-Premier-League,,18b60e11
ENG-Premier League,1819,2019-01-12 Crystal Palace-Watford,22,Sat,2019-01-12,15:00 (12:00),Crystal Palace,1–2,Watford,25010,Selhurst Park,Paul Tierney,/en/matches/e14b5d85/Crystal-Palace-Watford-January-12-2019-Premier-League,,e14b5d85
ENG-Premier League,1819,2019-01-12 Leicester City-Southampton,22,Sat,2019-01-12,15:00 (12:00),Leicester City,1–2,Southampton,31491,King Power Stadium,Michael Oliver,/en/matches/fd573a6a/Leicester-City-Southampton-January-12-2019-Premier-League,,fd573a6a
ENG-Premier League,1819,2019-01-12 West Ham United-Arsenal,22,Sat,2019-01-12,12:30 (09:30),West Ham United,1–0,Arsenal,59946,London Stadium,Jonathan Moss,/en/matches/3e57e4cd/West-Ham-United-Arsenal-January-12-2019-Premier-League,,3e57e4cd
ENG-Premier League,1819,2019-01-13 Everton-Bournemouth,22,Sun,2019-01-13,14:15 (11:15),Everton,2–0,Bournemouth,38113,Goodison Park,Anthony Taylor,/en/matches/be4ed705/Everton-Bournemouth-January-13-2019-Premier-League,,be4ed705
ENG-Premier League,1819,2019-01-13 Tottenham Hotspur-Manchester Utd,22,Sun,2019-01-13,16:30 (13:30),Tottenham Hotspur,0–1,Manchester Utd,80062,Wembley Stadium,Mike Dean,/en/matches/89a76ba1/Tottenham-Hotspur-Manchester-United-January-13-2019-Premier-League,,89a76ba1
ENG-Premier League,1819,2019-01-14 Manchester City-Wolves,22,Mon,2019-01-14,20:00 (17:00),Manchester City,3–0,Wolves,54171,Etihad Stadium,Craig Pawson,/en/matches/de53db7d/Manchester-City-Wolverhampton-Wanderers-January-14-2019-Premier-League,,de53db7d
ENG-Premier League,1819,2019-01-19 Arsenal-Chelsea,23,Sat,2019-01-19,17:30 (14:30),Arsenal,2–0,Chelsea,59979,Emirates Stadium,Anthony Taylor,/en/matches/edb777b6/North-West-London-Derby-Arsenal-Chelsea-January-19-2019-Premier-League,,edb777b6
ENG-Premier League,1819,2019-01-19 Bournemouth-West Ham United,23,Sat,2019-01-19,15:00 (12:00),Bournemouth,2–0,West Ham United,10495,Vitality Stadium,Simon Hooper,/en/matches/6e73b274/Bournemouth-West-Ham-United-January-19-2019-Premier-League,,6e73b274
ENG-Premier League,1819,2019-01-19 Liverpool-Crystal Palace,23,Sat,2019-01-19,15:00 (12:00),Liverpool,4–3,Crystal Palace,53171,Anfield,Jonathan Moss,/en/matches/98ecfb34/Liverpool-Crystal-Palace-January-19-2019-Premier-League,,98ecfb34
ENG-Premier League,1819,2019-01-19 Manchester Utd-Brighton,23,Sat,2019-01-19,15:00 (12:00),Manchester Utd,2–1,Brighton,74532,Old Trafford,Paul Tierney,/en/matches/806cb036/Manchester-United-Brighton-and-Hove-Albion-January-19-2019-Premier-League,,806cb036
ENG-Premier League,1819,2019-01-19 Newcastle United-Cardiff City,23,Sat,2019-01-19,15:00 (12:00),Newcastle United,3–0,Cardiff City,49864,St. James' Park,Stuart Attwell,/en/matches/79bd2498/Newcastle-United-Cardiff-City-January-19-2019-Premier-League,,79bd2498
ENG-Premier League,1819,2019-01-19 Southampton-Everton,23,Sat,2019-01-19,15:00 (12:00),Southampton,2–1,Everton,29989,St. Mary's Stadium,Graham Scott,/en/matches/88a05211/Southampton-Everton-January-19-2019-Premier-League,,88a05211
ENG-Premier League,1819,2019-01-19 Watford-Burnley,23,Sat,2019-01-19,15:00 (12:00),Watford,0–0,Burnley,19510,Vicarage Road Stadium,Michael Oliver,/en/matches/f8283cc3/Watford-Burnley-January-19-2019-Premier-League,,f8283cc3
ENG-Premier League,1819,2019-01-19 Wolves-Leicester City,23,Sat,2019-01-19,12:30 (09:30),Wolves,4–3,Leicester City,31278,Molineux Stadium,Chris Kavanagh,/en/matches/0bc77d83/Wolverhampton-Wanderers-Leicester-City-January-19-2019-Premier-League,,0bc77d83
ENG-Premier League,1819,2019-01-20 Fulham-Tottenham Hotspur,23,Sun,2019-01-20,16:00 (13:00),Fulham,1–2,Tottenham Hotspur,24807,Craven Cottage,Craig Pawson,/en/matches/10bcde09/Fulham-Tottenham-Hotspur-January-20-2019-Premier-League,,10bcde09
ENG-Premier League,1819,2019-01-20 Huddersfield Town-Manchester City,23,Sun,2019-01-20,13:30 (10:30),Huddersfield Town,0–3,Manchester City,24190,The John Smith's Stadium,Andre Marriner,/en/matches/cf851bd2/Huddersfield-Town-Manchester-City-January-20-2019-Premier-League,,cf851bd2
ENG-Premier League,1819,2019-01-29 Arsenal-Cardiff City,24,Tue,2019-01-29,19:45 (16:45),Arsenal,2–1,Cardiff City,59933,Emirates Stadium,Mike Dean,/en/matches/f37ab33c/Arsenal-Cardiff-City-January-29-2019-Premier-League,,f37ab33c
ENG-Premier League,1819,2019-01-29 Fulham-Brighton,24,Tue,2019-01-29,19:45 (16:45),Fulham,4–2,Brighton,22008,Craven Cottage,Lee Probert,/en/matches/3f50a3f4/Fulham-Brighton-and-Hove-Albion-January-29-2019-Premier-League,,3f50a3f4
ENG-Premier League,1819,2019-01-29 Huddersfield Town-Everton,24,Tue,2019-01-29,19:45 (16:45),Huddersfield Town,0–1,Everton,23699,The John Smith's Stadium,Stuart Attwell,/en/matches/7040b46b/Huddersfield-Town-Everton-January-29-2019-Premier-League,,7040b46b
ENG-Premier League,1819,2019-01-29 Manchester Utd-Burnley,24,Tue,2019-01-29,20:00 (17:00),Manchester Utd,2–2,Burnley,74529,Old Trafford,Jonathan Moss,/en/matches/e32699c0/Manchester-United-Burnley-January-29-2019-Premier-League,,e32699c0
ENG-Premier League,1819,2019-01-29 Newcastle United-Manchester City,24,Tue,2019-01-29,20:00 (17:00),Newcastle United,2–1,Manchester City,50861,St. James' Park,Paul Tierney,/en/matches/d705415d/Newcastle-United-Manchester-City-January-29-2019-Premier-League,,d705415d
ENG-Premier League,1819,2019-01-29 Wolves-West Ham United,24,Tue,2019-01-29,19:45 (16:45),Wolves,3–0,West Ham United,31122,Molineux Stadium,David Coote,/en/matches/d8569596/Wolverhampton-Wanderers-West-Ham-United-January-29-2019-Premier-League,,d8569596
ENG-Premier League,1819,2019-01-30 Bournemouth-Chelsea,24,Wed,2019-01-30,19:45 (16:45),Bournemouth,4–0,Chelsea,10227,Vitality Stadium,Roger East,/en/matches/44f162ae/Bournemouth-Chelsea-January-30-2019-Premier-League,,44f162ae
ENG-Premier League,1819,2019-01-30 Liverpool-Leicester City,24,Wed,2019-01-30,20:00 (17:00),Liverpool,1–1,Leicester City,53092,Anfield,Martin Atkinson,/en/matches/dd91dd3f/Liverpool-Leicester-City-January-30-2019-Premier-League,,dd91dd3f
ENG-Premier League,1819,2019-01-30 Southampton-Crystal Palace,24,Wed,2019-01-30,19:45 (16:45),Southampton,1–1,Crystal Palace,28339,St. Mary's Stadium,Andre Marriner,/en/matches/ba17c290/Southampton-Crystal-Palace-January-30-2019-Premier-League,,ba17c290
ENG-Premier League,1819,2019-01-30 Tottenham Hotspur-Watford,24,Wed,2019-01-30,20:00 (17:00),Tottenham Hotspur,2–1,Watford,29164,Wembley Stadium,Graham Scott,/en/matches/61bdd34c/Tottenham-Hotspur-Watford-January-30-2019-Premier-League,,61bdd34c
ENG-Premier League,1819,2019-02-02 Brighton-Watford,25,Sat,2019-02-02,15:00 (12:00),Brighton,0–0,Watford,30414,The American Express Community Stadium,Simon Hooper,/en/matches/1b543fa6/Brighton-and-Hove-Albion-Watford-February-2-2019-Premier-League,,1b543fa6
ENG-Premier League,1819,2019-02-02 Burnley-Southampton,25,Sat,2019-02-02,15:00 (12:00),Burnley,1–1,Southampton,19787,Turf Moor,Anthony Taylor,/en/matches/98d13ff1/Burnley-Southampton-February-2-2019-Premier-League,,98d13ff1
ENG-Premier League,1819,2019-02-02 Cardiff City-Bournemouth,25,Sat,2019-02-02,17:30 (14:30),Cardiff City,2–0,Bournemouth,31939,Cardiff City Stadium,Jonathan Moss,/en/matches/6e1f303b/Cardiff-City-Bournemouth-February-2-2019-Premier-League,,6e1f303b
ENG-Premier League,1819,2019-02-02 Chelsea-Huddersfield Town,25,Sat,2019-02-02,15:00 (12:00),Chelsea,5–0,Huddersfield Town,40626,Stamford Bridge,Paul Tierney,/en/matches/1faef710/Chelsea-Huddersfield-Town-February-2-2019-Premier-League,,1faef710
ENG-Premier League,1819,2019-02-02 Crystal Palace-Fulham,25,Sat,2019-02-02,15:00 (12:00),Crystal Palace,2–0,Fulham,25355,Selhurst Park,Michael Oliver,/en/matches/f0a48fd0/Crystal-Palace-Fulham-February-2-2019-Premier-League,,f0a48fd0
ENG-Premier League,1819,2019-02-02 Everton-Wolves,25,Sat,2019-02-02,15:00 (12:00),Everton,1–3,Wolves,39380,Goodison Park,Lee Mason,/en/matches/34c9e9bf/Everton-Wolverhampton-Wanderers-February-2-2019-Premier-League,,34c9e9bf
ENG-Premier League,1819,2019-02-02 Tottenham Hotspur-Newcastle United,25,Sat,2019-02-02,12:30 (09:30),Tottenham Hotspur,1–0,Newcastle United,41219,Wembley Stadium,Andre Marriner,/en/matches/4c76b26c/Tottenham-Hotspur-Newcastle-United-February-2-2019-Premier-League,,4c76b26c
ENG-Premier League,1819,2019-02-03 Leicester City-Manchester Utd,25,Sun,2019-02-03,14:05 (11:05),Leicester City,0–1,Manchester Utd,32148,King Power Stadium,Mike Dean,/en/matches/5877794a/Leicester-City-Manchester-United-February-3-2019-Premier-League,,5877794a
ENG-Premier League,1819,2019-02-03 Manchester City-Arsenal,25,Sun,2019-02-03,16:30 (13:30),Manchester City,3–1,Arsenal,54483,Etihad Stadium,Martin Atkinson,/en/matches/dba05e48/Manchester-City-Arsenal-February-3-2019-Premier-League,,dba05e48
ENG-Premier League,1819,2019-02-04 West Ham United-Liverpool,25,Mon,2019-02-04,20:00 (17:00),West Ham United,1–1,Liverpool,59903,London Stadium,Kevin Friend,/en/matches/e695579a/West-Ham-United-Liverpool-February-4-2019-Premier-League,,e695579a
ENG-Premier League,1819,2019-02-06 Everton-Manchester City,27,Wed,2019-02-06,19:45 (16:45),Everton,0–2,Manchester City,39322,Goodison Park,Craig Pawson,/en/matches/24faf054/Everton-Manchester-City-February-6-2019-Premier-League,,24faf054
ENG-Premier League,1819,2019-02-09 Brighton-Burnley,26,Sat,2019-02-09,17:30 (14:30),Brighton,1–3,Burnley,29323,The American Express Community Stadium,Stuart Attwell,/en/matches/2572aa9b/Brighton-and-Hove-Albion-Burnley-February-9-2019-Premier-League,,2572aa9b
ENG-Premier League,1819,2019-02-09 Crystal Palace-West Ham United,26,Sat,2019-02-09,15:00 (12:00),Crystal Palace,1–1,West Ham United,25552,Selhurst Park,Craig Pawson,/en/matches/0194fea4/Crystal-Palace-West-Ham-United-February-9-2019-Premier-League,,0194fea4
ENG-Premier League,1819,2019-02-09 Fulham-Manchester Utd,26,Sat,2019-02-09,12:30 (09:30),Fulham,0–3,Manchester Utd,25001,Craven Cottage,Paul Tierney,/en/matches/aa7aef05/Fulham-Manchester-United-February-9-2019-Premier-League,,aa7aef05
ENG-Premier League,1819,2019-02-09 Huddersfield Town-Arsenal,26,Sat,2019-02-09,15:00 (12:00),Huddersfield Town,1–2,Arsenal,24182,The John Smith's Stadium,Jonathan Moss,/en/matches/99562ab3/Huddersfield-Town-Arsenal-February-9-2019-Premier-League,,99562ab3
ENG-Premier League,1819,2019-02-09 Liverpool-Bournemouth,26,Sat,2019-02-09,15:00 (12:00),Liverpool,3–0,Bournemouth,53178,Anfield,Anthony Taylor,/en/matches/0a085d29/Liverpool-Bournemouth-February-9-2019-Premier-League,,0a085d29
ENG-Premier League,1819,2019-02-09 Southampton-Cardiff City,26,Sat,2019-02-09,15:00 (12:00),Southampton,1–2,Cardiff City,31438,St. Mary's Stadium,Martin Atkinson,/en/matches/2ad5c782/Southampton-Cardiff-City-February-9-2019-Premier-League,,2ad5c782
ENG-Premier League,1819,2019-02-09 Watford-Everton,26,Sat,2019-02-09,15:00 (12:00),Watford,1–0,Everton,20333,Vicarage Road Stadium,Lee Probert,/en/matches/541f34a4/Watford-Everton-February-9-2019-Premier-League,,541f34a4
ENG-Premier League,1819,2019-02-10 Manchester City-Chelsea,26,Sun,2019-02-10,16:00 (13:00),Manchester City,6–0,Chelsea,54452,Etihad Stadium,Mike Dean,/en/matches/5ec57dbe/Manchester-City-Chelsea-February-10-2019-Premier-League,,5ec57dbe
ENG-Premier League,1819,2019-02-10 Tottenham Hotspur-Leicester City,26,Sun,2019-02-10,13:30 (10:30),Tottenham Hotspur,3–1,Leicester City,44154,Wembley Stadium,Michael Oliver,/en/matches/b53789c9/Tottenham-Hotspur-Leicester-City-February-10-2019-Premier-League,,b53789c9
ENG-Premier League,1819,2019-02-11 Wolves-Newcastle United,26,Mon,2019-02-11,20:00 (17:00),Wolves,1–1,Newcastle United,30687,Molineux Stadium,Graham Scott,/en/matches/c3bbcee6/Wolverhampton-Wanderers-Newcastle-United-February-11-2019-Premier-League,,c3bbcee6
ENG-Premier League,1819,2019-02-22 Cardiff City-Watford,27,Fri,2019-02-22,19:45 (16:45),Cardiff City,1–5,Watford,30387,Cardiff City Stadium,Simon Hooper,/en/matches/a87bd77b/Cardiff-City-Watford-February-22-2019-Premier-League,,a87bd77b
ENG-Premier League,1819,2019-02-22 West Ham United-Fulham,27,Fri,2019-02-22,19:45 (16:45),West Ham United,3–1,Fulham,59950,London Stadium,Lee Mason,/en/matches/698db309/West-Ham-United-Fulham-February-22-2019-Premier-League,,698db309
ENG-Premier League,1819,2019-02-23 Bournemouth-Wolves,27,Sat,2019-02-23,15:00 (12:00),Bournemouth,1–1,Wolves,10671,Vitality Stadium,Roger East,/en/matches/9b38c79c/Bournemouth-Wolverhampton-Wanderers-February-23-2019-Premier-League,,9b38c79c
ENG-Premier League,1819,2019-02-23 Burnley-Tottenham Hotspur,27,Sat,2019-02-23,12:30 (09:30),Burnley,2–1,Tottenham Hotspur,21338,Turf Moor,Mike Dean,/en/matches/a4f29e38/Burnley-Tottenham-Hotspur-February-23-2019-Premier-League,,a4f29e38
ENG-Premier League,1819,2019-02-23 Leicester City-Crystal Palace,27,Sat,2019-02-23,17:30 (14:30),Leicester City,1–4,Crystal Palace,31778,King Power Stadium,Anthony Taylor,/en/matches/7c5bc0fa/Leicester-City-Crystal-Palace-February-23-2019-Premier-League,,7c5bc0fa
ENG-Premier League,1819,2019-02-23 Newcastle United-Huddersfield Town,27,Sat,2019-02-23,15:00 (12:00),Newcastle United,2–0,Huddersfield Town,52174,St. James' Park,Kevin Friend,/en/matches/fc5c6132/Newcastle-United-Huddersfield-Town-February-23-2019-Premier-League,,fc5c6132
ENG-Premier League,1819,2019-02-24 Arsenal-Southampton,27,Sun,2019-02-24,14:05 (11:05),Arsenal,2–0,Southampton,59877,Emirates Stadium,Graham Scott,/en/matches/1f6dfbb4/Arsenal-Southampton-February-24-2019-Premier-League,,1f6dfbb4
ENG-Premier League,1819,2019-02-24 Manchester Utd-Liverpool,27,Sun,2019-02-24,14:05 (11:05),Manchester Utd,0–0,Liverpool,74519,Old Trafford,Michael Oliver,/en/matches/28b8b03a/North-West-Derby-Manchester-United-Liverpool-February-24-2019-Premier-League,,28b8b03a
ENG-Premier League,1819,2019-02-26 Cardiff City-Everton,28,Tue,2019-02-26,19:45 (16:45),Cardiff City,0–3,Everton,31849,Cardiff City Stadium,Kevin Friend,/en/matches/258dd575/Cardiff-City-Everton-February-26-2019-Premier-League,,258dd575
ENG-Premier League,1819,2019-02-26 Huddersfield Town-Wolves,28,Tue,2019-02-26,19:45 (16:45),Huddersfield Town,1–0,Wolves,22714,The John Smith's Stadium,David Coote,/en/matches/430439d8/Huddersfield-Town-Wolverhampton-Wanderers-February-26-2019-Premier-League,,430439d8
ENG-Premier League,1819,2019-02-26 Leicester City-Brighton,28,Tue,2019-02-26,19:45 (16:45),Leicester City,2–1,Brighton,30558,King Power Stadium,Lee Probert,/en/matches/86908659/Leicester-City-Brighton-and-Hove-Albion-February-26-2019-Premier-League,,86908659
ENG-Premier League,1819,2019-02-26 Newcastle United-Burnley,28,Tue,2019-02-26,20:00 (17:00),Newcastle United,2–0,Burnley,48323,St. James' Park,Craig Pawson,/en/matches/09bb5985/Newcastle-United-Burnley-February-26-2019-Premier-League,,09bb5985
ENG-Premier League,1819,2019-02-27 Arsenal-Bournemouth,28,Wed,2019-02-27,19:45 (16:45),Arsenal,5–1,Bournemouth,59618,Emirates Stadium,Chris Kavanagh,/en/matches/59600e66/Arsenal-Bournemouth-February-27-2019-Premier-League,,59600e66
ENG-Premier League,1819,2019-02-27 Chelsea-Tottenham Hotspur,28,Wed,2019-02-27,20:00 (17:00),Chelsea,2–0,Tottenham Hotspur,40542,Stamford Bridge,Andre Marriner,/en/matches/99ebf266/Chelsea-Tottenham-Hotspur-February-27-2019-Premier-League,,99ebf266
ENG-Premier League,1819,2019-02-27 Crystal Palace-Manchester Utd,28,Wed,2019-02-27,20:00 (17:00),Crystal Palace,1–3,Manchester Utd,25754,Selhurst Park,Martin Atkinson,/en/matches/35dcf161/Crystal-Palace-Manchester-United-February-27-2019-Premier-League,,35dcf161
ENG-Premier League,1819,2019-02-27 Liverpool-Watford,28,Wed,2019-02-27,20:00 (17:00),Liverpool,5–0,Watford,53316,Anfield,Graham Scott,/en/matches/b34f9ff8/Liverpool-Watford-February-27-2019-Premier-League,,b34f9ff8
ENG-Premier League,1819,2019-02-27 Manchester City-West Ham United,28,Wed,2019-02-27,20:00 (17:00),Manchester City,1–0,West Ham United,53528,Etihad Stadium,Stuart Attwell,/en/matches/db370521/Manchester-City-West-Ham-United-February-27-2019-Premier-League,,db370521
ENG-Premier League,1819,2019-02-27 Southampton-Fulham,28,Wed,2019-02-27,19:45 (16:45),Southampton,2–0,Fulham,27597,St. Mary's Stadium,Anthony Taylor,/en/matches/7ff42214/Southampton-Fulham-February-27-2019-Premier-League,,7ff42214
ENG-Premier League,1819,2019-03-02 Bournemouth-Manchester City,29,Sat,2019-03-02,15:00 (12:00),Bournemouth,0–1,Manchester City,10699,Vitality Stadium,Kevin Friend,/en/matches/5e35e444/Bournemouth-Manchester-City-March-2-2019-Premier-League,,5e35e444
ENG-Premier League,1819,2019-03-02 Brighton-Huddersfield Town,29,Sat,2019-03-02,15:00 (12:00),Brighton,1–0,Huddersfield Town,30182,The American Express Community Stadium,Mike Dean,/en/matches/e34a25b2/Brighton-and-Hove-Albion-Huddersfield-Town-March-2-2019-Premier-League,,e34a25b2
ENG-Premier League,1819,2019-03-02 Burnley-Crystal Palace,29,Sat,2019-03-02,15:00 (12:00),Burnley,1–3,Crystal Palace,19223,Turf Moor,Lee Probert,/en/matches/fbfb16e5/Burnley-Crystal-Palace-March-2-2019-Premier-League,,fbfb16e5
ENG-Premier League,1819,2019-03-02 Manchester Utd-Southampton,29,Sat,2019-03-02,15:00 (12:00),Manchester Utd,3–2,Southampton,74459,Old Trafford,Stuart Attwell,/en/matches/0e3e4be7/Manchester-United-Southampton-March-2-2019-Premier-League,,0e3e4be7
ENG-Premier League,1819,2019-03-02 Tottenham Hotspur-Arsenal,29,Sat,2019-03-02,12:30 (09:30),Tottenham Hotspur,1–1,Arsenal,81332,Wembley Stadium,Anthony Taylor,/en/matches/72ed853c/North-London-Derby-Tottenham-Hotspur-Arsenal-March-2-2019-Premier-League,,72ed853c
ENG-Premier League,1819,2019-03-02 West Ham United-Newcastle United,29,Sat,2019-03-02,17:30 (14:30),West Ham United,2–0,Newcastle United,59910,London Stadium,Chris Kavanagh,/en/matches/7d4fcb12/West-Ham-United-Newcastle-United-March-2-2019-Premier-League,,7d4fcb12
ENG-Premier League,1819,2019-03-02 Wolves-Cardiff City,29,Sat,2019-03-02,15:00 (12:00),Wolves,2–0,Cardiff City,31309,Molineux Stadium,Andre Marriner,/en/matches/2e1e02b8/Wolverhampton-Wanderers-Cardiff-City-March-2-2019-Premier-League,,2e1e02b8
ENG-Premier League,1819,2019-03-03 Everton-Liverpool,29,Sun,2019-03-03,16:15 (13:15),Everton,0–0,Liverpool,39335,Goodison Park,Martin Atkinson,/en/matches/edc35bc3/Merseyside-Derby-Everton-Liverpool-March-3-2019-Premier-League,,edc35bc3
ENG-Premier League,1819,2019-03-03 Fulham-Chelsea,29,Sun,2019-03-03,14:05 (11:05),Fulham,1–2,Chelsea,24900,Craven Cottage,Graham Scott,/en/matches/3a56d413/Fulham-Chelsea-March-3-2019-Premier-League,,3a56d413
ENG-Premier League,1819,2019-03-03 Watford-Leicester City,29,Sun,2019-03-03,12:00 (09:00),Watford,2–1,Leicester City,20062,Vicarage Road Stadium,Jonathan Moss,/en/matches/7c1b902f/Watford-Leicester-City-March-3-2019-Premier-League,,7c1b902f
ENG-Premier League,1819,2019-03-09 Cardiff City-West Ham United,30,Sat,2019-03-09,15:00 (12:00),Cardiff City,2–0,West Ham United,32458,Cardiff City Stadium,Graham Scott,/en/matches/1ad3de71/Cardiff-City-West-Ham-United-March-9-2019-Premier-League,,1ad3de71
ENG-Premier League,1819,2019-03-09 Crystal Palace-Brighton,30,Sat,2019-03-09,12:30 (09:30),Crystal Palace,1–2,Brighton,24972,Selhurst Park,Craig Pawson,/en/matches/64a4127a/Crystal-Palace-Brighton-and-Hove-Albion-March-9-2019-Premier-League,,64a4127a
ENG-Premier League,1819,2019-03-09 Huddersfield Town-Bournemouth,30,Sat,2019-03-09,15:00 (12:00),Huddersfield Town,0–2,Bournemouth,22304,The John Smith's Stadium,Anthony Taylor,/en/matches/7c7a736a/Huddersfield-Town-Bournemouth-March-9-2019-Premier-League,,7c7a736a
ENG-Premier League,1819,2019-03-09 Leicester City-Fulham,30,Sat,2019-03-09,15:00 (12:00),Leicester City,3–1,Fulham,32017,King Power Stadium,David Coote,/en/matches/81a25590/Leicester-City-Fulham-March-9-2019-Premier-League,,81a25590
ENG-Premier League,1819,2019-03-09 Manchester City-Watford,30,Sat,2019-03-09,17:30 (14:30),Manchester City,3–1,Watford,54104,Etihad Stadium,Paul Tierney,/en/matches/4fe0f757/Manchester-City-Watford-March-9-2019-Premier-League,,4fe0f757
ENG-Premier League,1819,2019-03-09 Newcastle United-Everton,30,Sat,2019-03-09,15:00 (12:00),Newcastle United,3–2,Everton,52242,St. James' Park,Lee Mason,/en/matches/09e7b1a1/Newcastle-United-Everton-March-9-2019-Premier-League,,09e7b1a1
ENG-Premier League,1819,2019-03-09 Southampton-Tottenham Hotspur,30,Sat,2019-03-09,15:00 (12:00),Southampton,2–1,Tottenham Hotspur,31890,St. Mary's Stadium,Kevin Friend,/en/matches/f3bf8c42/Southampton-Tottenham-Hotspur-March-9-2019-Premier-League,,f3bf8c42
ENG-Premier League,1819,2019-03-10 Arsenal-Manchester Utd,30,Sun,2019-03-10,16:30 (13:30),Arsenal,2–0,Manchester Utd,60000,Emirates Stadium,Jonathan Moss,/en/matches/6a9904c8/Arsenal-Manchester-United-March-10-2019-Premier-League,,6a9904c8
ENG-Premier League,1819,2019-03-10 Chelsea-Wolves,30,Sun,2019-03-10,14:05 (11:05),Chelsea,1–1,Wolves,40692,Stamford Bridge,Michael Oliver,/en/matches/e39bc237/Chelsea-Wolverhampton-Wanderers-March-10-2019-Premier-League,,e39bc237
ENG-Premier League,1819,2019-03-10 Liverpool-Burnley,30,Sun,2019-03-10,12:00 (09:00),Liverpool,4–2,Burnley,53310,Anfield,Andre Marriner,/en/matches/d4a6df35/Liverpool-Burnley-March-10-2019-Premier-League,,d4a6df35
ENG-Premier League,1819,2019-03-16 Bournemouth-Newcastle United,31,Sat,2019-03-16,15:00 (12:00),Bournemouth,2–2,Newcastle United,10625,Vitality Stadium,Mike Dean,/en/matches/a27275d9/Bournemouth-Newcastle-United-March-16-2019-Premier-League,,a27275d9
ENG-Premier League,1819,2019-03-16 Burnley-Leicester City,31,Sat,2019-03-16,15:00 (12:00),Burnley,1–2,Leicester City,20719,Turf Moor,Michael Oliver,/en/matches/91a19d8e/Burnley-Leicester-City-March-16-2019-Premier-League,,91a19d8e
ENG-Premier League,1819,2019-03-16 West Ham United-Huddersfield Town,31,Sat,2019-03-16,15:00 (12:00),West Ham United,4–3,Huddersfield Town,59931,London Stadium,Jonathan Moss,/en/matches/879fa3c2/West-Ham-United-Huddersfield-Town-March-16-2019-Premier-League,,879fa3c2
ENG-Premier League,1819,2019-03-17 Everton-Chelsea,31,Sun,2019-03-17,16:30 (13:30),Everton,2–0,Chelsea,39356,Goodison Park,Anthony Taylor,/en/matches/537717fa/Everton-Chelsea-March-17-2019-Premier-League,,537717fa
ENG-Premier League,1819,2019-03-17 Fulham-Liverpool,31,Sun,2019-03-17,14:15 (11:15),Fulham,1–2,Liverpool,25043,Craven Cottage,Craig Pawson,/en/matches/d8db9418/Fulham-Liverpool-March-17-2019-Premier-League,,d8db9418
ENG-Premier League,1819,2019-03-30 Brighton-Southampton,32,Sat,2019-03-30,15:00 (12:00),Brighton,0–1,Southampton,30636,The American Express Community Stadium,Michael Oliver,/en/matches/b3ee7e21/Brighton-and-Hove-Albion-Southampton-March-30-2019-Premier-League,,b3ee7e21
ENG-Premier League,1819,2019-03-30 Burnley-Wolves,32,Sat,2019-03-30,15:00 (12:00),Burnley,2–0,Wolves,20990,Turf Moor,Chris Kavanagh,/en/matches/1b9e6483/Burnley-Wolverhampton-Wanderers-March-30-2019-Premier-League,,1b9e6483
ENG-Premier League,1819,2019-03-30 Crystal Palace-Huddersfield Town,32,Sat,2019-03-30,15:00 (12:00),Crystal Palace,2–0,Huddersfield Town,25193,Selhurst Park,Lee Probert,/en/matches/9de9e8e3/Crystal-Palace-Huddersfield-Town-March-30-2019-Premier-League,,9de9e8e3
ENG-Premier League,1819,2019-03-30 Fulham-Manchester City,32,Sat,2019-03-30,12:30 (09:30),Fulham,0–2,Manchester City,25001,Craven Cottage,Kevin Friend,/en/matches/b5d358d9/Fulham-Manchester-City-March-30-2019-Premier-League,,b5d358d9
ENG-Premier League,1819,2019-03-30 Leicester City-Bournemouth,32,Sat,2019-03-30,15:00 (12:00),Leicester City,2–0,Bournemouth,31530,King Power Stadium,Lee Mason,/en/matches/a89c7915/Leicester-City-Bournemouth-March-30-2019-Premier-League,,a89c7915
ENG-Premier League,1819,2019-03-30 Manchester Utd-Watford,32,Sat,2019-03-30,15:00 (12:00),Manchester Utd,2–1,Watford,74543,Old Trafford,Stuart Attwell,/en/matches/e1e4e2be/Manchester-United-Watford-March-30-2019-Premier-League,,e1e4e2be
ENG-Premier League,1819,2019-03-30 West Ham United-Everton,32,Sat,2019-03-30,17:30 (14:30),West Ham United,0–2,Everton,59988,London Stadium,Paul Tierney,/en/matches/7971b1a6/West-Ham-United-Everton-March-30-2019-Premier-League,,7971b1a6
ENG-Premier League,1819,2019-03-31 Cardiff City-Chelsea,32,Sun,2019-03-31,14:05 (10:05),Cardiff City,1–2,Chelsea,32657,Cardiff City Stadium,Craig Pawson,/en/matches/2aac7103/Cardiff-City-Chelsea-March-31-2019-Premier-League,,2aac7103
ENG-Premier League,1819,2019-03-31 Liverpool-Tottenham Hotspur,32,Sun,2019-03-31,16:30 (12:30),Liverpool,2–1,Tottenham Hotspur,53322,Anfield,Martin Atkinson,/en/matches/ea0b32eb/Liverpool-Tottenham-Hotspur-March-31-2019-Premier-League,,ea0b32eb
ENG-Premier League,1819,2019-04-01 Arsenal-Newcastle United,32,Mon,2019-04-01,20:00 (16:00),Arsenal,2–0,Newcastle United,59869,Emirates Stadium,Anthony Taylor,/en/matches/5bf58a42/Arsenal-Newcastle-United-April-1-2019-Premier-League,,5bf58a42
ENG-Premier League,1819,2019-04-02 Watford-Fulham,33,Tue,2019-04-02,19:45 (15:45),Watford,4–1,Fulham,17301,Vicarage Road Stadium,Roger East,/en/matches/76199a18/Watford-Fulham-April-2-2019-Premier-League,,76199a18
ENG-Premier League,1819,2019-04-02 Wolves-Manchester Utd,33,Tue,2019-04-02,19:45 (15:45),Wolves,2–1,Manchester Utd,31302,Molineux Stadium,Mike Dean,/en/matches/658e6ed1/Wolverhampton-Wanderers-Manchester-United-April-2-2019-Premier-League,,658e6ed1
ENG-Premier League,1819,2019-04-03 Chelsea-Brighton,27,Wed,2019-04-03,19:45 (15:45),Chelsea,3–0,Brighton,38593,Stamford Bridge,Graham Scott,/en/matches/e112b3a5/Chelsea-Brighton-and-Hove-Albion-April-3-2019-Premier-League,,e112b3a5
ENG-Premier League,1819,2019-04-03 Manchester City-Cardiff City,33,Wed,2019-04-03,19:45 (15:45),Manchester City,2–0,Cardiff City,53559,Etihad Stadium,Jonathan Moss,/en/matches/2b398496/Manchester-City-Cardiff-City-April-3-2019-Premier-League,,2b398496
ENG-Premier League,1819,2019-04-03 Tottenham Hotspur-Crystal Palace,31,Wed,2019-04-03,19:45 (15:45),Tottenham Hotspur,2–0,Crystal Palace,59215,Tottenham Hotspur Stadium,Andre Marriner,/en/matches/a87fd710/Tottenham-Hotspur-Crystal-Palace-April-3-2019-Premier-League,,a87fd710
ENG-Premier League,1819,2019-04-05 Southampton-Liverpool,33,Fri,2019-04-05,20:00 (16:00),Southampton,1–3,Liverpool,31797,St. Mary's Stadium,Paul Tierney,/en/matches/cb6ed621/Southampton-Liverpool-April-5-2019-Premier-League,,cb6ed621
ENG-Premier League,1819,2019-04-06 Bournemouth-Burnley,33,Sat,2019-04-06,15:00 (11:00),Bournemouth,1–3,Burnley,10446,Vitality Stadium,Martin Atkinson,/en/matches/c48c3132/Bournemouth-Burnley-April-6-2019-Premier-League,,c48c3132
ENG-Premier League,1819,2019-04-06 Huddersfield Town-Leicester City,33,Sat,2019-04-06,15:00 (11:00),Huddersfield Town,1–4,Leicester City,24126,The John Smith's Stadium,David Coote,/en/matches/adf9a17a/Huddersfield-Town-Leicester-City-April-6-2019-Premier-League,,adf9a17a
ENG-Premier League,1819,2019-04-06 Newcastle United-Crystal Palace,33,Sat,2019-04-06,15:00 (11:00),Newcastle United,0–1,Crystal Palace,51926,St. James' Park,Stuart Attwell,/en/matches/dfbc30ce/Newcastle-United-Crystal-Palace-April-6-2019-Premier-League,,dfbc30ce
ENG-Premier League,1819,2019-04-07 Everton-Arsenal,33,Sun,2019-04-07,14:05 (09:05),Everton,1–0,Arsenal,39400,Goodison Park,Kevin Friend,/en/matches/2da6911d/Everton-Arsenal-April-7-2019-Premier-League,,2da6911d
ENG-Premier League,1819,2019-04-08 Chelsea-West Ham United,33,Mon,2019-04-08,20:00 (15:00),Chelsea,2–0,West Ham United,40537,Stamford Bridge,Chris Kavanagh,/en/matches/5c469753/Chelsea-West-Ham-United-April-8-2019-Premier-League,,5c469753
ENG-Premier League,1819,2019-04-12 Leicester City-Newcastle United,34,Fri,2019-04-12,20:00 (15:00),Leicester City,0–1,Newcastle United,32108,King Power Stadium,Chris Kavanagh,/en/matches/e3e6e456/Leicester-City-Newcastle-United-April-12-2019-Premier-League,,e3e6e456
ENG-Premier League,1819,2019-04-13 Brighton-Bournemouth,34,Sat,2019-04-13,15:00 (10:00),Brighton,0–5,Bournemouth,30460,The American Express Community Stadium,Kevin Friend,/en/matches/eb6b53ba/Brighton-and-Hove-Albion-Bournemouth-April-13-2019-Premier-League,,eb6b53ba
ENG-Premier League,1819,2019-04-13 Burnley-Cardiff City,34,Sat,2019-04-13,15:00 (10:00),Burnley,2–0,Cardiff City,21480,Turf Moor,Mike Dean,/en/matches/3f70af93/Burnley-Cardiff-City-April-13-2019-Premier-League,,3f70af93
ENG-Premier League,1819,2019-04-13 Fulham-Everton,34,Sat,2019-04-13,15:00 (10:00),Fulham,2–0,Everton,24971,Craven Cottage,Lee Probert,/en/matches/a47ecafe/Fulham-Everton-April-13-2019-Premier-League,,a47ecafe
ENG-Premier League,1819,2019-04-13 Manchester Utd-West Ham United,34,Sat,2019-04-13,17:30 (12:30),Manchester Utd,2–1,West Ham United,74478,Old Trafford,Graham Scott,/en/matches/a5ed2a65/Manchester-United-West-Ham-United-April-13-2019-Premier-League,,a5ed2a65
ENG-Premier League,1819,2019-04-13 Southampton-Wolves,34,Sat,2019-04-13,15:00 (10:00),Southampton,3–1,Wolves,31708,St. Mary's Stadium,Jonathan Moss,/en/matches/ce640b61/Southampton-Wolverhampton-Wanderers-April-13-2019-Premier-League,,ce640b61
ENG-Premier League,1819,2019-04-13 Tottenham Hotspur-Huddersfield Town,34,Sat,2019-04-13,12:30 (07:30),Tottenham Hotspur,4–0,Huddersfield Town,58308,Tottenham Hotspur Stadium,Lee Mason,/en/matches/bbdf9192/Tottenham-Hotspur-Huddersfield-Town-April-13-2019-Premier-League,,bbdf9192
ENG-Premier League,1819,2019-04-14 Crystal Palace-Manchester City,34,Sun,2019-04-14,14:05 (09:05),Crystal Palace,1–3,Manchester City,25721,Selhurst Park,Martin Atkinson,/en/matches/839faa70/Crystal-Palace-Manchester-City-April-14-2019-Premier-League,,839faa70
ENG-Premier League,1819,2019-04-14 Liverpool-Chelsea,34,Sun,2019-04-14,16:30 (11:30),Liverpool,2–0,Chelsea,53279,Anfield,Michael Oliver,/en/matches/bcd4eb6f/Liverpool-Chelsea-April-14-2019-Premier-League,,bcd4eb6f
ENG-Premier League,1819,2019-04-15 Watford-Arsenal,34,Mon,2019-04-15,20:00 (15:00),Watford,0–1,Arsenal,20480,Vicarage Road Stadium,Craig Pawson,/en/matches/b3f8966d/Watford-Arsenal-April-15-2019-Premier-League,,b3f8966d
ENG-Premier League,1819,2019-04-16 Brighton-Cardiff City,31,Tue,2019-04-16,19:45 (14:45),Brighton,0–2,Cardiff City,30226,The American Express Community Stadium,Andre Marriner,/en/matches/b6ce8e80/Brighton-and-Hove-Albion-Cardiff-City-April-16-2019-Premier-League,,b6ce8e80
ENG-Premier League,1819,2019-04-20 Bournemouth-Fulham,35,Sat,2019-04-20,15:00 (10:00),Bournemouth,0–1,Fulham,10511,Vitality Stadium,David Coote,/en/matches/935a3490/Bournemouth-Fulham-April-20-2019-Premier-League,,935a3490
ENG-Premier League,1819,2019-04-20 Huddersfield Town-Watford,35,Sat,2019-04-20,15:00 (10:00),Huddersfield Town,1–2,Watford,23957,The John Smith's Stadium,Roger East,/en/matches/d0b13a22/Huddersfield-Town-Watford-April-20-2019-Premier-League,,d0b13a22
ENG-Premier League,1819,2019-04-20 Manchester City-Tottenham Hotspur,35,Sat,2019-04-20,12:30 (07:30),Manchester City,1–0,Tottenham Hotspur,54489,Etihad Stadium,Michael Oliver,/en/matches/82b40b35/Manchester-City-Tottenham-Hotspur-April-20-2019-Premier-League,,82b40b35
ENG-Premier League,1819,2019-04-20 Newcastle United-Southampton,35,Sat,2019-04-20,17:30 (12:30),Newcastle United,3–1,Southampton,52191,St. James' Park,Anthony Taylor,/en/matches/deab42c4/Newcastle-United-Southampton-April-20-2019-Premier-League,,deab42c4
ENG-Premier League,1819,2019-04-20 West Ham United-Leicester City,35,Sat,2019-04-20,15:00 (10:00),West Ham United,2–2,Leicester City,59960,London Stadium,Lee Probert,/en/matches/2e2b870b/West-Ham-United-Leicester-City-April-20-2019-Premier-League,,2e2b870b
ENG-Premier League,1819,2019-04-20 Wolves-Brighton,35,Sat,2019-04-20,15:00 (10:00),Wolves,0–0,Brighton,31096,Molineux Stadium,Craig Pawson,/en/matches/f6e97df8/Wolverhampton-Wanderers-Brighton-and-Hove-Albion-April-20-2019-Premier-League,,f6e97df8
ENG-Premier League,1819,2019-04-21 Arsenal-Crystal Palace,35,Sun,2019-04-21,16:00 (11:00),Arsenal,2–3,Crystal Palace,59929,Emirates Stadium,Jonathan Moss,/en/matches/e379285b/Arsenal-Crystal-Palace-April-21-2019-Premier-League,,e379285b
ENG-Premier League,1819,2019-04-21 Cardiff City-Liverpool,35,Sun,2019-04-21,16:00 (11:00),Cardiff City,0–2,Liverpool,33082,Cardiff City Stadium,Martin Atkinson,/en/matches/ea0a6f68/Cardiff-City-Liverpool-April-21-2019-Premier-League,,ea0a6f68
ENG-Premier League,1819,2019-04-21 Everton-Manchester Utd,35,Sun,2019-04-21,13:30 (08:30),Everton,4–0,Manchester Utd,39395,Goodison Park,Paul Tierney,/en/matches/225a548e/Everton-Manchester-United-April-21-2019-Premier-League,,225a548e
ENG-Premier League,1819,2019-04-22 Chelsea-Burnley,35,Mon,2019-04-22,20:00 (15:00),Chelsea,2–2,Burnley,40642,Stamford Bridge,Kevin Friend,/en/matches/9c5949d8/Chelsea-Burnley-April-22-2019-Premier-League,,9c5949d8
ENG-Premier League,1819,2019-04-23 Tottenham Hotspur-Brighton,33,Tue,2019-04-23,19:45 (14:45),Tottenham Hotspur,1–0,Brighton,56251,Tottenham Hotspur Stadium,Chris Kavanagh,/en/matches/407914e9/Tottenham-Hotspur-Brighton-and-Hove-Albion-April-23-2019-Premier-League,,407914e9
ENG-Premier League,1819,2019-04-23 Watford-Southampton,31,Tue,2019-04-23,19:45 (14:45),Watford,1–1,Southampton,19170,Vicarage Road Stadium,Mike Dean,/en/matches/704df4ec/Watford-Southampton-April-23-2019-Premier-League,,704df4ec
ENG-Premier League,1819,2019-04-24 Manchester Utd-Manchester City,31,Wed,2019-04-24,20:00 (15:00),Manchester Utd,0–2,Manchester City,74431,Old Trafford,Andre Marriner,/en/matches/9bb5c776/Manchester-Derby-Manchester-United-Manchester-City-April-24-2019-Premier-League,,9bb5c776
ENG-Premier League,1819,2019-04-24 Wolves-Arsenal,31,Wed,2019-04-24,19:45 (14:45),Wolves,3–1,Arsenal,31436,Molineux Stadium,Stuart Attwell,/en/matches/199f42bd/Wolverhampton-Wanderers-Arsenal-April-24-2019-Premier-League,,199f42bd
ENG-Premier League,1819,2019-04-26 Liverpool-Huddersfield Town,36,Fri,2019-04-26,20:00 (15:00),Liverpool,5–0,Huddersfield Town,53249,Anfield,Kevin Friend,/en/matches/89b55cfd/Liverpool-Huddersfield-Town-April-26-2019-Premier-League,,89b55cfd
ENG-Premier League,1819,2019-04-27 Brighton-Newcastle United,36,Sat,2019-04-27,17:30 (12:30),Brighton,1–1,Newcastle United,30587,The American Express Community Stadium,Mike Dean,/en/matches/dad6d374/Brighton-and-Hove-Albion-Newcastle-United-April-27-2019-Premier-League,,dad6d374
ENG-Premier League,1819,2019-04-27 Crystal Palace-Everton,36,Sat,2019-04-27,15:00 (10:00),Crystal Palace,0–0,Everton,25789,Selhurst Park,Lee Mason,/en/matches/e95d670d/Crystal-Palace-Everton-April-27-2019-Premier-League,,e95d670d
ENG-Premier League,1819,2019-04-27 Fulham-Cardiff City,36,Sat,2019-04-27,15:00 (10:00),Fulham,1–0,Cardiff City,23822,Craven Cottage,Chris Kavanagh,/en/matches/c6e99e2a/Fulham-Cardiff-City-April-27-2019-Premier-League,,c6e99e2a
ENG-Premier League,1819,2019-04-27 Southampton-Bournemouth,36,Sat,2019-04-27,15:00 (10:00),Southampton,3–3,Bournemouth,31310,St. Mary's Stadium,Graham Scott,/en/matches/c78ca5a2/Southampton-Bournemouth-April-27-2019-Premier-League,,c78ca5a2
ENG-Premier League,1819,2019-04-27 Tottenham Hotspur-West Ham United,36,Sat,2019-04-27,12:30 (07:30),Tottenham Hotspur,0–1,West Ham United,60043,Tottenham Hotspur Stadium,Anthony Taylor,/en/matches/787eb54d/Tottenham-Hotspur-West-Ham-United-April-27-2019-Premier-League,,787eb54d
ENG-Premier League,1819,2019-04-27 Watford-Wolves,36,Sat,2019-04-27,15:00 (10:00),Watford,1–2,Wolves,20323,Vicarage Road Stadium,Simon Hooper,/en/matches/75a55372/Watford-Wolverhampton-Wanderers-April-27-2019-Premier-League,,75a55372
ENG-Premier League,1819,2019-04-28 Burnley-Manchester City,36,Sun,2019-04-28,14:05 (09:05),Burnley,0–1,Manchester City,21605,Turf Moor,Paul Tierney,/en/matches/4d9c7f23/Burnley-Manchester-City-April-28-2019-Premier-League,,4d9c7f23
ENG-Premier League,1819,2019-04-28 Leicester City-Arsenal,36,Sun,2019-04-28,12:00 (07:00),Leicester City,3–0,Arsenal,32037,King Power Stadium,Michael Oliver,/en/matches/373a22ae/Leicester-City-Arsenal-April-28-2019-Premier-League,,373a22ae
ENG-Premier League,1819,2019-04-28 Manchester Utd-Chelsea,36,Sun,2019-04-28,16:30 (11:30),Manchester Utd,1–1,Chelsea,74526,Old Trafford,Martin Atkinson,/en/matches/b7a64fc3/Manchester-United-Chelsea-April-28-2019-Premier-League,,b7a64fc3
ENG-Premier League,1819,2019-05-03 Everton-Burnley,37,Fri,2019-05-03,20:00 (15:00),Everton,2–0,Burnley,39303,Goodison Park,Chris Kavanagh,/en/matches/f9a6ed1d/Everton-Burnley-May-3-2019-Premier-League,,f9a6ed1d
ENG-Premier League,1819,2019-05-04 Bournemouth-Tottenham Hotspur,37,Sat,2019-05-04,12:30 (07:30),Bournemouth,1–0,Tottenham Hotspur,10630,Vitality Stadium,Craig Pawson,/en/matches/a6d84ca8/Bournemouth-Tottenham-Hotspur-May-4-2019-Premier-League,,a6d84ca8
ENG-Premier League,1819,2019-05-04 Cardiff City-Crystal Palace,37,Sat,2019-05-04,17:30 (12:30),Cardiff City,2–3,Crystal Palace,32133,Cardiff City Stadium,Michael Oliver,/en/matches/521ebfbb/Cardiff-City-Crystal-Palace-May-4-2019-Premier-League,,521ebfbb
ENG-Premier League,1819,2019-05-04 Newcastle United-Liverpool,37,Sat,2019-05-04,19:45 (14:45),Newcastle United,2–3,Liverpool,52206,St. James' Park,Andre Marriner,/en/matches/0faa6fe4/Newcastle-United-Liverpool-May-4-2019-Premier-League,,0faa6fe4
ENG-Premier League,1819,2019-05-04 West Ham United-Southampton,37,Sat,2019-05-04,15:00 (10:00),West Ham United,3–0,Southampton,59961,London Stadium,Stuart Attwell,/en/matches/11aacbe5/West-Ham-United-Southampton-May-4-2019-Premier-League,,11aacbe5
ENG-Premier League,1819,2019-05-04 Wolves-Fulham,37,Sat,2019-05-04,15:00 (10:00),Wolves,1–0,Fulham,30456,Molineux Stadium,Jonathan Moss,/en/matches/0cf7f89d/Wolverhampton-Wanderers-Fulham-May-4-2019-Premier-League,,0cf7f89d
ENG-Premier League,1819,2019-05-05 Arsenal-Brighton,37,Sun,2019-05-05,16:30 (11:30),Arsenal,1–1,Brighton,59965,Emirates Stadium,Anthony Taylor,/en/matches/0fdf10d7/Arsenal-Brighton-and-Hove-Albion-May-5-2019-Premier-League,,0fdf10d7
ENG-Premier League,1819,2019-05-05 Chelsea-Watford,37,Sun,2019-05-05,14:00 (09:00),Chelsea,3–0,Watford,40560,Stamford Bridge,Paul Tierney,/en/matches/bdf4e58c/Chelsea-Watford-May-5-2019-Premier-League,,bdf4e58c
ENG-Premier League,1819,2019-05-05 Huddersfield Town-Manchester Utd,37,Sun,2019-05-05,14:00 (09:00),Huddersfield Town,1–1,Manchester Utd,24263,The John Smith's Stadium,Lee Mason,/en/matches/3c0da213/Huddersfield-Town-Manchester-United-May-5-2019-Premier-League,,3c0da213
ENG-Premier League,1819,2019-05-06 Manchester City-Leicester City,37,Mon,2019-05-06,20:00 (15:00),Manchester City,1–0,Leicester City,54506,Etihad Stadium,Mike Dean,/en/matches/7c779d41/Manchester-City-Leicester-City-May-6-2019-Premier-League,,7c779d41
ENG-Premier League,1819,2019-05-12 Brighton-Manchester City,38,Sun,2019-05-12,15:00 (10:00),Brighton,1–4,Manchester City,30662,The American Express Community Stadium,Michael Oliver,/en/matches/13fb2984/Brighton-and-Hove-Albion-Manchester-City-May-12-2019-Premier-League,,13fb2984
ENG-Premier League,1819,2019-05-12 Burnley-Arsenal,38,Sun,2019-05-12,15:00 (10:00),Burnley,1–3,Arsenal,21461,Turf Moor,Mike Dean,/en/matches/302b231e/Burnley-Arsenal-May-12-2019-Premier-League,,302b231e
ENG-Premier League,1819,2019-05-12 Crystal Palace-Bournemouth,38,Sun,2019-05-12,15:00 (10:00),Crystal Palace,5–3,Bournemouth,25433,Selhurst Park,Roger East,/en/matches/23ad3530/Crystal-Palace-Bournemouth-May-12-2019-Premier-League,,23ad3530
ENG-Premier League,1819,2019-05-12 Fulham-Newcastle United,38,Sun,2019-05-12,15:00 (10:00),Fulham,0–4,Newcastle United,24979,Craven Cottage,Kevin Friend,/en/matches/c183610d/Fulham-Newcastle-United-May-12-2019-Premier-League,,c183610d
ENG-Premier League,1819,2019-05-12 Leicester City-Chelsea,38,Sun,2019-05-12,15:00 (10:00),Leicester City,0–0,Chelsea,32140,King Power Stadium,Anthony Taylor,/en/matches/189bbc28/Leicester-City-Chelsea-May-12-2019-Premier-League,,189bbc28
ENG-Premier League,1819,2019-05-12 Liverpool-Wolves,38,Sun,2019-05-12,15:00 (10:00),Liverpool,2–0,Wolves,53331,Anfield,Martin Atkinson,/en/matches/63c1d6b9/Liverpool-Wolverhampton-Wanderers-May-12-2019-Premier-League,,63c1d6b9
ENG-Premier League,1819,2019-05-12 Manchester Utd-Cardiff City,38,Sun,2019-05-12,15:00 (10:00),Manchester Utd,0–2,Cardiff City,74457,Old Trafford,Jonathan Moss,/en/matches/7308fc7b/Manchester-United-Cardiff-City-May-12-2019-Premier-League,,7308fc7b
ENG-Premier League,1819,2019-05-12 Southampton-Huddersfield Town,38,Sun,2019-05-12,15:00 (10:00),Southampton,1–1,Huddersfield Town,30367,St. Mary's Stadium,Lee Probert,/en/matches/06832a45/Southampton-Huddersfield-Town-May-12-2019-Premier-League,,06832a45
ENG-Premier League,1819,2019-05-12 Tottenham Hotspur-Everton,38,Sun,2019-05-12,15:00 (10:00),Tottenham Hotspur,2–2,Everton,60124,Tottenham Hotspur Stadium,Andre Marriner,/en/matches/5713b7fd/Tottenham-Hotspur-Everton-May-12-2019-Premier-League,,5713b7fd
ENG-Premier League,1819,2019-05-12 Watford-West Ham United,38,Sun,2019-05-12,15:00 (10:00),Watford,1–4,West Ham United,20067,Vicarage Road Stadium,Chris Kavanagh,/en/matches/db4d7668/Watford-West-Ham-United-May-12-2019-Premier-League,,db4d7668
