strategy,stake_param,min_odds,season,n,bets,wins,losses,winrate%,roi%,final,ganancia
variable,15,1.8,2324,380,380,236,144,62.1,3347.14,3447137.0,3347137.0
variable,10,1.8,2324,380,380,236,144,62.1,1203.01,1303010.0,1203010.0
fixed,20000,1.8,2324,380,380,236,144,62.1,1151.34,1251343.0,1151343.0
fixed,20000,2.0,2223,380,380,200,180,52.6,937.27,1037275.0,937275.0
fixed,15000,1.8,2324,380,380,236,144,62.1,863.51,963507.0,863507.0
fixed,15000,2.0,2223,380,380,200,180,52.6,702.96,802956.0,702956.0
variable,15,2.0,2223,380,380,200,180,52.6,634.98,734979.0,634979.0
fixed,10000,1.8,2324,380,380,236,144,62.1,575.67,675671.0,575671.0
variable,7,1.8,2324,380,380,236,144,62.1,557.9,657901.0,557901.0
fixed,10000,2.0,2223,380,380,200,180,52.6,468.64,568637.0,468637.0
fixed,20000,2.0,2324,380,380,191,189,50.3,451.31,551309.0,451309.0
variable,10,2.0,2223,380,380,200,180,52.6,368.74,468735.0,368735.0
fixed,15000,2.0,2324,380,380,191,189,50.3,338.48,438482.0,338482.0
variable,5,1.8,2324,380,380,236,144,62.1,300.25,400252.0,300252.0
fixed,5000,1.8,2324,380,380,236,144,62.1,287.84,387836.0,287836.0
fixed,20000,1.8,all,120,120,72,48,60.0,276.64,376640.0,276640.0
fixed,5000,2.0,2223,380,380,200,180,52.6,234.32,334319.0,234319.0
fixed,10000,2.0,2324,380,380,191,189,50.3,225.65,325655.0,225655.0
variable,7,2.0,2223,380,380,200,180,52.6,222.84,322839.0,222839.0
fixed,15000,1.8,all,120,120,72,48,60.0,207.48,307480.0,207480.0
fixed,2500,1.8,2324,380,380,236,144,62.1,143.92,243918.0,143918.0
fixed,20000,1.1,2324,380,380,320,60,84.2,141.56,241564.0,141564.0
variable,5,2.0,2223,380,380,200,180,52.6,141.18,241177.0,141177.0
fixed,10000,1.8,all,120,120,72,48,60.0,138.32,238320.0,138320.0
variable,3,1.8,2324,380,380,236,144,62.1,135.59,235589.0,135589.0
fixed,2500,2.0,2223,380,380,200,180,52.6,117.16,217159.0,117159.0
variable,15,1.8,all,120,120,72,48,60.0,115.95,215950.0,115950.0
fixed,5000,2.0,2324,380,380,191,189,50.3,112.83,212827.0,112827.0
fixed,15000,1.8,all,60,60,36,24,60.0,110.29,210291.0,110291.0
fixed,15000,1.1,2324,380,380,320,60,84.2,106.17,206173.0,106173.0
variable,2,1.8,2324,380,380,236,144,62.1,78.52,178521.0,78521.0
variable,10,1.8,all,120,120,72,48,60.0,78.51,178509.0,78509.0
fixed,20000,1.2,all,60,60,50,10,83.3,74.17,174168.0,74168.0
variable,3,2.0,2223,380,380,200,180,52.6,74.06,174056.0,74056.0
fixed,10000,1.8,all,60,60,36,24,60.0,73.53,173527.0,73527.0
variable,10,2.0,2324,380,380,191,189,50.3,72.62,172620.0,72620.0
fixed,10000,1.1,2324,380,380,320,60,84.2,70.78,170782.0,70782.0
fixed,5000,1.8,all,120,120,72,48,60.0,69.16,169160.0,69160.0
variable,15,2.0,2324,380,380,191,189,50.3,64.57,164567.0,64567.0
variable,7,2.0,2324,380,380,191,189,50.3,60.32,160325.0,60325.0
fixed,20000,1.1,all,120,120,102,18,85.0,59.14,159139.0,59139.0
fixed,1000,1.8,2324,380,380,236,144,62.1,57.57,157567.0,57567.0
fixed,2500,2.0,2324,380,380,191,189,50.3,56.41,156414.0,56414.0
fixed,15000,1.2,all,60,60,50,10,83.3,55.63,155626.0,55626.0
variable,7,1.8,all,120,120,72,48,60.0,54.24,154241.0,54241.0
fixed,20000,2.0,all,120,120,59,61,49.2,53.5,153502.0,53502.0
variable,15,1.8,all,60,60,36,24,60.0,50.2,150204.0,50204.0
fixed,1000,2.0,2223,380,380,200,180,52.6,46.86,146864.0,46864.0
variable,5,2.0,2324,380,380,191,189,50.3,46.23,146231.0,46231.0
variable,2,2.0,2223,380,380,200,180,52.6,45.96,145958.0,45958.0
fixed,15000,1.1,all,120,120,102,18,85.0,44.35,144354.0,44354.0
fixed,15000,2.0,all,120,120,59,61,49.2,40.13,140126.0,40126.0
variable,5,1.8,all,120,120,72,48,60.0,38.09,138086.0,38086.0
fixed,10000,1.2,all,60,60,50,10,83.3,37.08,137084.0,37084.0
fixed,5000,1.8,all,60,60,36,24,60.0,36.76,136764.0,36764.0
variable,15,1.2,all,60,60,50,10,83.3,36.01,136013.0,36013.0
variable,10,1.1,2324,380,380,320,60,84.2,35.66,135660.0,35660.0
variable,10,1.8,all,60,60,36,24,60.0,35.59,135586.0,35586.0
fixed,5000,1.1,2324,380,380,320,60,84.2,35.39,135391.0,35391.0
fixed,2500,1.8,all,120,120,72,48,60.0,34.58,134580.0,34580.0
variable,15,1.1,2324,380,380,320,60,84.2,30.73,130734.0,30734.0
fixed,20000,1.2,all,120,120,96,24,80.0,30.44,130444.0,30444.0
variable,7,1.1,2324,380,380,320,60,84.2,30.3,130301.0,30301.0
fixed,10000,1.1,all,120,120,102,18,85.0,29.57,129570.0,29570.0
variable,3,2.0,2324,380,380,191,189,50.3,28.89,128885.0,28885.0
fixed,10000,2.0,all,120,120,59,61,49.2,26.75,126751.0,26751.0
variable,7,1.8,all,60,60,36,24,60.0,25.48,125485.0,25485.0
variable,10,1.2,all,60,60,50,10,83.3,25.37,125367.0,25367.0
variable,5,1.1,2324,380,380,320,60,84.2,23.73,123728.0,23728.0
fixed,15000,1.2,all,120,120,96,24,80.0,22.83,122833.0,22833.0
fixed,1000,2.0,2324,380,380,191,189,50.3,22.57,122565.0,22565.0
variable,3,1.8,all,120,120,72,48,60.0,22.33,122327.0,22327.0
variable,2,2.0,2324,380,380,191,189,50.3,19.45,119453.0,19453.0
fixed,5000,1.2,all,60,60,50,10,83.3,18.54,118542.0,18542.0
variable,5,1.8,all,60,60,36,24,60.0,18.38,118384.0,18384.0
fixed,2500,1.8,all,60,60,36,24,60.0,18.38,118382.0,18382.0
variable,7,1.2,all,60,60,50,10,83.3,18.15,118155.0,18155.0
fixed,2500,1.1,2324,380,380,320,60,84.2,17.7,117696.0,17696.0
variable,15,1.1,all,120,120,102,18,85.0,16.61,116609.0,16609.0
variable,3,1.1,2324,380,380,320,60,84.2,15.24,115237.0,15237.0
fixed,10000,1.2,all,120,120,96,24,80.0,15.22,115222.0,15222.0
variable,10,1.1,all,120,120,102,18,85.0,15.18,115183.0,15183.0
fixed,5000,1.1,all,120,120,102,18,85.0,14.78,114785.0,14785.0
fixed,20000,2.0,all,60,60,29,31,48.3,14.68,114676.0,14676.0
variable,2,1.8,all,120,120,72,48,60.0,14.68,114681.0,14681.0
fixed,1000,1.8,all,120,120,72,48,60.0,13.83,113832.0,13832.0
fixed,5000,2.0,all,120,120,59,61,49.2,13.38,113375.0,13375.0
variable,5,1.2,all,60,60,50,10,83.3,13.11,113108.0,13108.0
variable,7,1.1,all,120,120,102,18,85.0,12.15,112154.0,12154.0
variable,3,1.8,all,60,60,36,24,60.0,11.1,111096.0,11096.0
fixed,15000,2.0,all,60,60,29,31,48.3,11.01,111007.0,11007.0
variable,2,1.1,2324,380,380,320,60,84.2,10.43,110427.0,10427.0
variable,5,1.1,all,120,120,102,18,85.0,9.34,109338.0,9338.0
fixed,2500,1.2,all,60,60,50,10,83.3,9.27,109271.0,9271.0
variable,3,1.2,all,60,60,50,10,83.3,7.93,107926.0,7926.0
fixed,5000,1.2,all,120,120,96,24,80.0,7.61,107611.0,7611.0
variable,2,1.8,all,60,60,36,24,60.0,7.41,107409.0,7409.0
fixed,2500,1.1,all,120,120,102,18,85.0,7.39,107392.0,7392.0
fixed,1000,1.8,all,60,60,36,24,60.0,7.35,107353.0,7353.0
fixed,10000,2.0,all,60,60,29,31,48.3,7.34,107338.0,7338.0
fixed,1000,1.1,2324,380,380,320,60,84.2,7.08,107078.0,7078.0
fixed,2500,2.0,all,120,120,59,61,49.2,6.69,106688.0,6688.0
variable,3,1.1,all,120,120,102,18,85.0,5.96,105961.0,5961.0
variable,2,1.2,all,60,60,50,10,83.3,5.3,105299.0,5299.0
variable,2,1.1,all,120,120,102,18,85.0,4.08,104084.0,4084.0
fixed,2500,1.2,all,120,120,96,24,80.0,3.81,103805.0,3805.0
fixed,1000,1.2,all,60,60,50,10,83.3,3.71,103708.0,3708.0
fixed,5000,2.0,all,60,60,29,31,48.3,3.67,103669.0,3669.0
variable,5,2.0,all,120,120,59,61,49.2,3.33,103326.0,3326.0
fixed,1000,1.1,all,120,120,102,18,85.0,2.96,102957.0,2957.0
variable,5,1.2,all,120,120,96,24,80.0,2.85,102849.0,2849.0
variable,3,2.0,all,120,120,59,61,49.2,2.81,102809.0,2809.0
variable,7,2.0,all,120,120,59,61,49.2,2.74,102736.0,2736.0
variable,7,1.2,all,120,120,96,24,80.0,2.7,102697.0,2697.0
fixed,1000,2.0,all,120,120,59,61,49.2,2.68,102675.0,2675.0
variable,3,1.2,all,120,120,96,24,80.0,2.25,102247.0,2247.0
variable,2,2.0,all,120,120,59,61,49.2,2.14,102138.0,2138.0
fixed,2500,2.0,all,60,60,29,31,48.3,1.83,101835.0,1835.0
variable,2,1.2,all,120,120,96,24,80.0,1.67,101672.0,1672.0
fixed,1000,1.2,all,120,120,96,24,80.0,1.52,101522.0,1522.0
variable,10,1.2,all,120,120,96,24,80.0,1.03,101029.0,1029.0
variable,3,2.0,all,60,60,29,31,48.3,0.84,100842.0,842.0
fixed,1000,2.0,all,60,60,29,31,48.3,0.73,100734.0,734.0
variable,5,2.0,all,60,60,29,31,48.3,0.73,100734.0,734.0
variable,2,2.0,all,60,60,29,31,48.3,0.7,100695.0,695.0
variable,7,2.0,all,60,60,29,31,48.3,0.09,100090.0,90.0
variable,10,2.0,all,120,120,59,61,49.2,-0.17,99826.0,-174.0
fixed,1000,1.1,all,60,60,49,11,81.7,-0.72,99285.0,-715.0
variable,2,1.1,all,60,60,49,11,81.7,-1.49,98511.0,-1489.0
fixed,2500,1.1,all,60,60,49,11,81.7,-1.79,98212.0,-1788.0
variable,10,2.0,all,60,60,29,31,48.3,-1.85,98147.0,-1853.0
variable,3,1.1,all,60,60,49,11,81.7,-2.35,97653.0,-2347.0
fixed,5000,1.1,all,60,60,49,11,81.7,-3.58,96425.0,-3575.0
variable,5,1.1,all,60,60,49,11,81.7,-4.29,95711.0,-4289.0
fixed,1000,1.0,all,60,60,47,13,78.3,-5.18,94819.0,-5181.0
variable,15,1.2,all,120,120,96,24,80.0,-5.48,94516.0,-5484.0
fixed,1000,1.6,2223,380,380,220,160,57.9,-5.92,94079.0,-5921.0
fixed,1000,1.3,all,60,60,39,21,65.0,-6.26,93735.0,-6265.0
variable,7,1.1,all,60,60,49,11,81.7,-6.52,93481.0,-6519.0
fixed,10000,1.1,all,60,60,49,11,81.7,-7.15,92850.0,-7150.0
variable,15,2.0,all,60,60,29,31,48.3,-7.5,92496.0,-7504.0
fixed,1000,1.3,all,120,120,81,39,67.5,-7.88,92122.0,-7878.0
variable,2,1.6,2223,380,380,220,160,57.9,-8.43,91567.0,-8433.0
variable,2,1.3,all,60,60,39,21,65.0,-9.07,90931.0,-9069.0
variable,2,1.0,all,60,60,47,13,78.3,-9.18,90822.0,-9178.0
fixed,1000,1.5,all,120,120,69,51,57.5,-9.25,90747.0,-9253.0
variable,15,2.0,all,120,120,59,61,49.2,-9.82,90176.0,-9824.0
fixed,1000,1.0,all,120,120,94,26,78.3,-9.98,90021.0,-9979.0
variable,10,1.1,all,60,60,49,11,81.7,-10.38,89625.0,-10375.0
fixed,15000,1.1,all,60,60,49,11,81.7,-10.73,89274.0,-10726.0
fixed,1000,1.4,all,60,60,33,27,55.0,-10.96,89038.0,-10962.0
variable,2,1.5,all,120,120,69,51,57.5,-11.0,88997.0,-11003.0
fixed,1000,1.8,2223,380,380,198,182,52.1,-11.85,88150.0,-11850.0
variable,2,1.3,all,120,120,81,39,67.5,-11.88,88123.0,-11877.0
fixed,1000,1.6,all,60,60,28,32,46.7,-12.27,87725.0,-12275.0
fixed,1000,1.4,all,120,120,72,48,60.0,-12.5,87496.0,-12504.0
variable,2,1.4,all,60,60,33,27,55.0,-12.79,87211.0,-12789.0
fixed,2500,1.0,all,60,60,47,13,78.3,-12.95,87047.0,-12953.0
variable,2,1.6,all,60,60,28,32,46.7,-13.1,86898.0,-13102.0
fixed,1000,1.5,all,60,60,29,31,48.3,-13.22,86781.0,-13219.0
variable,3,1.3,all,60,60,39,21,65.0,-13.46,86539.0,-13461.0
variable,3,1.6,2223,380,380,220,160,57.9,-13.48,86522.0,-13478.0
variable,3,1.0,all,60,60,47,13,78.3,-13.58,86420.0,-13580.0
variable,2,1.8,2223,380,380,198,182,52.1,-13.76,86244.0,-13756.0
fixed,1000,1.5,2223,380,380,228,152,60.0,-13.98,86020.0,-13980.0
fixed,20000,1.1,all,60,60,49,11,81.7,-14.3,85699.0,-14301.0
variable,2,1.5,all,60,60,29,31,48.3,-14.63,85373.0,-14627.0
variable,2,1.4,all,120,120,72,48,60.0,-14.64,85359.0,-14641.0
fixed,2500,1.6,2223,380,380,220,160,57.9,-14.8,85199.0,-14801.0
fixed,1000,1.2,2324,380,380,288,92,75.8,-15.07,84930.0,-15070.0
fixed,1000,1.6,all,120,120,61,59,50.8,-15.66,84338.0,-15662.0
fixed,2500,1.3,all,60,60,39,21,65.0,-15.66,84338.0,-15662.0
variable,3,1.5,all,120,120,69,51,57.5,-16.38,83619.0,-16381.0
variable,2,1.5,2223,380,380,228,152,60.0,-16.62,83384.0,-16616.0
variable,2,1.6,all,120,120,61,59,50.8,-16.94,83059.0,-16941.0
variable,3,1.3,all,120,120,81,39,67.5,-17.59,82413.0,-17587.0
variable,2,1.0,all,120,120,94,26,78.3,-17.98,82017.0,-17983.0
variable,15,1.1,all,60,60,49,11,81.7,-18.02,81980.0,-18020.0
variable,3,1.4,all,60,60,33,27,55.0,-18.73,81272.0,-18728.0
variable,3,1.6,all,60,60,28,32,46.7,-19.17,80830.0,-19170.0
fixed,2500,1.3,all,120,120,81,39,67.5,-19.7,80305.0,-19695.0
variable,2,1.2,2324,380,380,288,92,75.8,-20.69,79315.0,-20685.0
variable,3,1.8,2223,380,380,198,182,52.1,-20.94,79062.0,-20938.0
variable,3,1.5,all,60,60,29,31,48.3,-21.29,78709.0,-21291.0
variable,3,1.4,all,120,120,72,48,60.0,-21.45,78553.0,-21447.0
fixed,1000,1.3,2324,380,380,260,120,68.4,-21.81,78187.0,-21813.0
variable,5,1.3,all,60,60,39,21,65.0,-21.94,78064.0,-21936.0
variable,5,1.0,all,60,60,47,13,78.3,-22.0,77996.0,-22004.0
fixed,2500,1.5,all,120,120,69,51,57.5,-23.13,76867.0,-23133.0
variable,3,1.6,all,120,120,61,59,50.8,-24.62,75378.0,-24622.0
variable,5,1.6,2223,380,380,220,160,57.9,-24.69,75309.0,-24691.0
variable,3,1.5,2223,380,380,228,152,60.0,-24.8,75202.0,-24798.0
fixed,2500,1.0,all,120,120,94,26,78.3,-24.95,75052.0,-24948.0
fixed,5000,1.0,all,60,60,47,13,78.3,-25.91,74094.0,-25906.0
variable,3,1.0,all,120,120,94,26,78.3,-25.97,74035.0,-25965.0
variable,5,1.5,all,120,120,69,51,57.5,-26.78,73218.0,-26782.0
fixed,2500,1.4,all,60,60,33,27,55.0,-27.41,72595.0,-27405.0
variable,2,1.3,2324,380,380,260,120,68.4,-27.56,72437.0,-27563.0
variable,5,1.3,all,120,120,81,39,67.5,-28.47,71528.0,-28472.0
fixed,1000,1.2,2223,380,380,278,102,73.2,-28.94,71055.0,-28945.0
fixed,5000,1.6,2223,380,380,220,160,57.9,-29.6,70397.0,-29603.0
fixed,2500,1.8,2223,380,380,198,182,52.1,-29.62,70375.0,-29625.0
variable,5,1.4,all,60,60,33,27,55.0,-29.72,70280.0,-29720.0
variable,2,1.6,2324,380,380,206,174,54.2,-29.79,70215.0,-29785.0
fixed,1000,1.6,2324,380,380,206,174,54.2,-29.8,70197.0,-29803.0
variable,7,1.0,all,60,60,47,13,78.3,-29.91,70088.0,-29912.0
variable,7,1.3,all,60,60,39,21,65.0,-29.96,70036.0,-29964.0
variable,3,1.2,2324,380,380,288,92,75.8,-30.03,69966.0,-30034.0
variable,5,1.6,all,60,60,28,32,46.7,-30.37,69632.0,-30368.0
fixed,2500,1.6,all,60,60,28,32,46.7,-30.69,69313.0,-30687.0
fixed,2500,1.4,all,120,120,72,48,60.0,-31.26,68739.0,-31261.0
fixed,5000,1.3,all,60,60,39,21,65.0,-31.32,68676.0,-31324.0
fixed,1000,1.4,2223,380,380,233,147,61.3,-31.99,68007.0,-31993.0
fixed,1000,1.1,2223,380,380,286,94,75.3,-32.82,67184.0,-32816.0
fixed,2500,1.5,all,60,60,29,31,48.3,-33.05,66953.0,-33047.0
fixed,1000,1.4,2324,380,380,231,149,60.8,-33.09,66906.0,-33094.0
variable,5,1.5,all,60,60,29,31,48.3,-33.4,66605.0,-33395.0
variable,5,1.4,all,120,120,72,48,60.0,-34.01,65994.0,-34006.0
variable,2,1.4,2324,380,380,231,149,60.8,-34.62,65383.0,-34617.0
fixed,2500,1.5,2223,380,380,228,152,60.0,-34.95,65049.0,-34951.0
variable,5,1.8,2223,380,380,198,182,52.1,-35.26,64739.0,-35261.0
variable,2,1.2,2223,380,380,278,102,73.2,-35.63,64371.0,-35629.0
variable,2,1.4,2223,380,380,233,147,61.3,-35.67,64327.0,-35673.0
variable,7,1.5,all,120,120,69,51,57.5,-36.59,63410.0,-36590.0
variable,7,1.6,2223,380,380,220,160,57.9,-36.65,63348.0,-36652.0
fixed,2500,1.2,2324,380,380,288,92,75.8,-37.68,62324.0,-37676.0
variable,5,1.6,all,120,120,61,59,50.8,-38.45,61554.0,-38446.0
variable,7,1.3,all,120,120,81,39,67.5,-38.56,61438.0,-38562.0
variable,2,1.5,2324,380,380,212,168,55.8,-39.03,60974.0,-39026.0
variable,3,1.3,2324,380,380,260,120,68.4,-39.05,60953.0,-39047.0
fixed,2500,1.6,all,120,120,61,59,50.8,-39.16,60844.0,-39156.0
fixed,5000,1.3,all,120,120,81,39,67.5,-39.39,60610.0,-39390.0
variable,7,1.4,all,60,60,33,27,55.0,-39.57,60426.0,-39574.0
variable,5,1.0,all,120,120,94,26,78.3,-40.08,59921.0,-40079.0
variable,5,1.5,2223,380,380,228,152,60.0,-40.35,59654.0,-40346.0
variable,7,1.6,all,60,60,28,32,46.7,-40.37,59634.0,-40366.0
fixed,1000,1.5,2324,380,380,212,168,55.8,-40.38,59616.0,-40384.0
variable,10,1.0,all,60,60,47,13,78.3,-40.8,59199.0,-40801.0
variable,2,1.1,2223,380,380,286,94,75.3,-41.07,58935.0,-41065.0
variable,10,1.3,all,60,60,39,21,65.0,-41.11,58891.0,-41109.0
variable,3,1.6,2324,380,380,206,174,54.2,-41.92,58077.0,-41923.0
variable,7,1.5,all,60,60,29,31,48.3,-43.97,56025.0,-43975.0
fixed,1000,1.0,2324,380,380,286,94,75.3,-44.46,55539.0,-44461.0
variable,7,1.4,all,120,120,72,48,60.0,-45.15,54847.0,-45153.0
fixed,5000,1.5,all,120,120,69,51,57.5,-46.27,53733.0,-46267.0
variable,5,1.2,2324,380,380,288,92,75.8,-46.6,53397.0,-46603.0
variable,3,1.4,2324,380,380,231,149,60.8,-47.78,52216.0,-47784.0
variable,7,1.8,2223,380,380,198,182,52.1,-48.8,51199.0,-48801.0
variable,3,1.2,2223,380,380,278,102,73.2,-48.89,51114.0,-48886.0
variable,3,1.4,2223,380,380,233,147,61.3,-49.05,50946.0,-49054.0
fixed,5000,1.0,all,120,120,94,26,78.3,-49.9,50103.0,-49897.0
variable,10,1.5,all,120,120,69,51,57.5,-49.95,50047.0,-49953.0
variable,7,1.6,all,120,120,61,59,50.8,-50.31,49691.0,-50309.0
fixed,1000,1.3,2223,380,380,239,141,62.9,-50.78,49224.0,-50776.0
variable,2,1.3,2223,380,380,239,141,62.9,-51.47,48530.0,-51470.0
fixed,1000,1.0,2223,380,380,277,103,72.9,-51.81,48192.0,-51808.0
fixed,10000,1.0,all,60,60,47,13,78.3,-51.81,48188.0,-51812.0
variable,7,1.0,all,120,120,94,26,78.3,-51.95,48053.0,-51947.0
variable,10,1.3,all,120,120,81,39,67.5,-52.06,47939.0,-52061.0
variable,10,1.4,all,60,60,33,27,55.0,-52.36,47644.0,-52356.0
variable,3,1.5,2324,380,380,212,168,55.8,-53.0,46998.0,-53002.0
variable,10,1.6,all,60,60,28,32,46.7,-53.26,46737.0,-53263.0
variable,10,1.6,2223,380,380,220,160,57.9,-54.19,45811.0,-54189.0
variable,7,1.5,2223,380,380,228,152,60.0,-54.25,45750.0,-54250.0
fixed,2500,1.3,2324,380,380,260,120,68.4,-54.53,45468.0,-54532.0
fixed,5000,1.4,all,60,60,33,27,55.0,-54.81,45190.0,-54810.0
variable,3,1.1,2223,380,380,286,94,75.3,-55.21,44792.0,-55208.0
variable,2,1.0,2324,380,380,286,94,75.3,-56.32,43685.0,-56315.0
variable,15,1.0,all,60,60,47,13,78.3,-56.38,43624.0,-56376.0
variable,15,1.3,all,60,60,39,21,65.0,-57.15,42849.0,-57151.0
variable,10,1.5,all,60,60,29,31,48.3,-57.27,42729.0,-57271.0
variable,5,1.3,2324,380,380,260,120,68.4,-57.83,42170.0,-57830.0
variable,10,1.4,all,120,120,72,48,60.0,-59.3,40704.0,-59296.0
variable,2,1.0,2223,380,380,277,103,72.9,-59.95,40055.0,-59945.0
variable,7,1.2,2324,380,380,288,92,75.8,-60.31,39687.0,-60313.0
variable,5,1.6,2324,380,380,206,174,54.2,-61.29,38709.0,-61291.0
fixed,5000,1.6,all,60,60,28,32,46.7,-61.37,38626.0,-61374.0
fixed,5000,1.4,all,120,120,72,48,60.0,-62.52,37478.0,-62522.0
fixed,10000,1.3,all,60,60,39,21,65.0,-62.65,37352.0,-62648.0
variable,10,1.6,all,120,120,61,59,50.8,-64.74,35265.0,-64735.0
fixed,5000,1.5,all,60,60,29,31,48.3,-66.09,33905.0,-66095.0
variable,10,1.0,all,120,120,94,26,78.3,-66.1,33896.0,-66104.0
variable,10,1.8,2223,380,380,198,182,52.1,-66.28,33721.0,-66279.0
variable,3,1.3,2223,380,380,239,141,62.9,-66.62,33381.0,-66619.0
variable,5,1.4,2324,380,380,231,149,60.8,-67.53,32475.0,-67525.0
variable,15,1.5,all,120,120,69,51,57.5,-68.14,31861.0,-68139.0
variable,5,1.2,2223,380,380,278,102,73.2,-68.44,31555.0,-68445.0
variable,5,1.4,2223,380,380,233,147,61.3,-68.85,31147.0,-68853.0
variable,15,1.4,all,60,60,33,27,55.0,-68.9,31102.0,-68898.0
variable,15,1.6,all,60,60,28,32,46.7,-69.8,30202.0,-69798.0
variable,15,1.3,all,120,120,81,39,67.5,-70.0,29997.0,-70003.0
variable,10,1.5,2223,380,380,228,152,60.0,-71.18,28817.0,-71183.0
variable,3,1.0,2324,380,380,286,94,75.3,-71.46,28545.0,-71455.0
variable,7,1.3,2324,380,380,260,120,68.4,-71.73,28273.0,-71727.0
fixed,2500,1.2,2223,380,380,278,102,73.2,-72.36,27639.0,-72361.0
variable,5,1.5,2324,380,380,212,168,55.8,-72.8,27198.0,-72802.0
variable,15,1.5,all,60,60,29,31,48.3,-73.64,26363.0,-73637.0
fixed,2500,1.6,2324,380,380,206,174,54.2,-74.51,25492.0,-74508.0
variable,5,1.1,2223,380,380,286,94,75.3,-74.65,25348.0,-74652.0
variable,3,1.0,2223,380,380,277,103,72.9,-74.95,25051.0,-74949.0
variable,7,1.6,2324,380,380,206,174,54.2,-75.09,24909.0,-75091.0
variable,10,1.2,2324,380,380,288,92,75.8,-75.83,24165.0,-75835.0
variable,15,1.4,all,120,120,72,48,60.0,-76.6,23395.0,-76605.0
variable,15,1.6,2223,380,380,220,160,57.9,-77.6,22399.0,-77601.0
fixed,5000,1.6,all,120,120,61,59,50.8,-78.31,21688.0,-78312.0
fixed,2500,1.4,2223,380,380,233,147,61.3,-79.98,20017.0,-79983.0
variable,7,1.4,2324,380,380,231,149,60.8,-80.48,19522.0,-80478.0
variable,7,1.2,2223,380,380,278,102,73.2,-81.07,18928.0,-81072.0
variable,15,1.6,all,120,120,61,59,50.8,-81.23,18765.0,-81235.0
variable,7,1.4,2223,380,380,233,147,61.3,-81.6,18395.0,-81605.0
variable,15,1.0,all,120,120,94,26,78.3,-81.99,18010.0,-81990.0
fixed,2500,1.1,2223,380,380,286,94,75.3,-82.04,17961.0,-82039.0
fixed,10000,1.3,all,120,120,81,39,67.5,-82.23,17772.0,-82228.0
fixed,2500,1.4,2324,380,380,231,149,60.8,-82.74,17265.0,-82735.0
variable,5,1.3,2223,380,380,239,141,62.9,-84.61,15389.0,-84611.0
variable,7,1.5,2324,380,380,212,168,55.8,-84.81,15192.0,-84808.0
variable,10,1.3,2324,380,380,260,120,68.4,-85.39,14613.0,-85387.0
variable,15,1.8,2223,380,380,198,182,52.1,-85.91,14087.0,-85913.0
variable,7,1.1,2223,380,380,286,94,75.3,-86.05,13948.0,-86052.0
fixed,15000,1.0,all,60,60,47,13,78.3,-86.74,13260.0,-86740.0
variable,10,1.6,2324,380,380,206,174,54.2,-87.97,12028.0,-87972.0
variable,5,1.0,2324,380,380,286,94,75.3,-88.09,11905.0,-88095.0
variable,15,1.5,2223,380,380,228,152,60.0,-88.8,11199.0,-88801.0
variable,5,1.0,2223,380,380,277,103,72.9,-90.44,9563.0,-90437.0
variable,15,1.2,2324,380,380,288,92,75.8,-90.83,9171.0,-90829.0
variable,10,1.4,2324,380,380,231,149,60.8,-91.47,8527.0,-91473.0
variable,10,1.2,2223,380,380,278,102,73.2,-91.68,8318.0,-91682.0
variable,10,1.4,2223,380,380,233,147,61.3,-92.19,7814.0,-92186.0
variable,7,1.3,2223,380,380,239,141,62.9,-93.15,6850.0,-93150.0
variable,10,1.5,2324,380,380,212,168,55.8,-94.07,5929.0,-94071.0
variable,10,1.1,2223,380,380,286,94,75.3,-94.61,5393.0,-94607.0
fixed,10000,1.5,all,120,120,69,51,57.5,-94.78,5215.0,-94785.0
variable,7,1.0,2324,380,380,286,94,75.3,-95.19,4808.0,-95192.0
variable,15,1.3,2324,380,380,260,120,68.4,-95.88,4118.0,-95882.0
variable,7,1.0,2223,380,380,277,103,72.9,-96.47,3530.0,-96470.0
variable,15,1.6,2324,380,380,206,174,54.2,-97.02,2983.0,-97017.0
variable,10,1.3,2223,380,380,239,141,62.9,-98.1,1901.0,-98099.0
variable,15,1.2,2223,380,380,278,102,73.2,-98.19,1810.0,-98190.0
variable,15,1.4,2324,380,380,231,149,60.8,-98.21,1794.0,-98206.0
variable,15,1.4,2223,380,380,233,147,61.3,-98.44,1564.0,-98436.0
variable,10,1.0,2324,380,380,286,94,75.3,-98.84,1159.0,-98841.0
variable,15,1.5,2324,380,380,212,168,55.8,-98.97,1028.0,-98972.0
variable,15,1.1,2223,380,380,286,94,75.3,-99.05,950.0,-99050.0
variable,10,1.0,2223,380,380,277,103,72.9,-99.26,742.0,-99258.0
variable,15,1.3,2223,380,380,239,141,62.9,-99.81,186.0,-99814.0
variable,15,1.0,2324,380,380,286,94,75.3,-99.91,91.0,-99909.0
variable,15,1.0,2223,380,380,277,103,72.9,-99.95,46.0,-99954.0
fixed,10000,1.0,2324,380,102,78,24,76.5,-100.0,0.0,-100000.0
fixed,5000,1.5,2324,380,240,137,103,57.1,-100.0,0.0,-100000.0
fixed,5000,1.0,2324,380,152,112,40,73.7,-100.0,0.0,-100000.0
fixed,2500,1.0,2324,380,321,239,82,74.5,-100.0,0.0,-100000.0
fixed,2500,1.5,2324,380,372,207,165,55.6,-100.0,0.0,-100000.0
fixed,15000,1.2,2324,380,25,15,10,60.0,-100.0,0.0,-100000.0
fixed,10000,1.2,2324,380,57,37,20,64.9,-100.0,0.0,-100000.0
fixed,20000,1.0,all,60,46,35,11,76.1,-100.0,0.0,-100000.0
fixed,5000,1.2,2324,380,244,177,67,72.5,-100.0,0.0,-100000.0
fixed,20000,1.2,2324,380,14,7,7,50.0,-100.0,0.0,-100000.0
fixed,10000,1.5,2324,380,164,96,68,58.5,-100.0,0.0,-100000.0
fixed,15000,1.5,2324,380,80,46,34,57.5,-100.0,0.0,-100000.0
fixed,20000,1.5,2324,380,75,44,31,58.7,-100.0,0.0,-100000.0
fixed,5000,1.4,2324,380,246,150,96,61.0,-100.0,0.0,-100000.0
fixed,10000,1.4,2324,380,57,31,26,54.4,-100.0,0.0,-100000.0
fixed,15000,1.3,2324,380,25,13,12,52.0,-100.0,0.0,-100000.0
fixed,20000,1.3,2324,380,23,13,10,56.5,-100.0,0.0,-100000.0
fixed,15000,1.4,2324,380,48,27,21,56.2,-100.0,0.0,-100000.0
fixed,20000,1.4,2324,380,16,8,8,50.0,-100.0,0.0,-100000.0
fixed,5000,1.3,2324,380,173,111,62,64.2,-100.0,0.0,-100000.0
fixed,10000,1.3,2324,380,52,30,22,57.7,-100.0,0.0,-100000.0
fixed,10000,1.2,2223,380,59,39,20,66.1,-100.0,0.0,-100000.0
fixed,5000,1.2,2223,380,209,149,60,71.3,-100.0,0.0,-100000.0
fixed,15000,1.1,2223,380,30,19,11,63.3,-100.0,0.0,-100000.0
fixed,10000,1.0,all,120,106,82,24,77.4,-100.0,0.0,-100000.0
fixed,5000,1.1,2223,380,212,158,54,74.5,-100.0,0.0,-100000.0
fixed,10000,1.1,2223,380,78,56,22,71.8,-100.0,0.0,-100000.0
fixed,20000,1.1,2223,380,27,18,9,66.7,-100.0,0.0,-100000.0
fixed,20000,1.0,all,120,61,47,14,77.0,-100.0,0.0,-100000.0
fixed,20000,1.0,2223,380,19,12,7,63.2,-100.0,0.0,-100000.0
fixed,15000,1.0,2223,380,20,12,8,60.0,-100.0,0.0,-100000.0
fixed,10000,1.0,2223,380,34,21,13,61.8,-100.0,0.0,-100000.0
fixed,5000,1.0,2223,380,165,123,42,74.5,-100.0,0.0,-100000.0
fixed,10000,1.4,all,120,87,52,35,59.8,-100.0,0.0,-100000.0
fixed,2500,1.0,2223,380,229,160,69,69.9,-100.0,0.0,-100000.0
fixed,15000,1.0,all,120,62,47,15,75.8,-100.0,0.0,-100000.0
fixed,15000,1.3,all,120,72,47,25,65.3,-100.0,0.0,-100000.0
fixed,15000,1.4,all,120,21,10,11,47.6,-100.0,0.0,-100000.0
fixed,10000,1.6,all,120,22,7,15,31.8,-100.0,0.0,-100000.0
fixed,10000,1.6,2324,380,246,139,107,56.5,-100.0,0.0,-100000.0
fixed,20000,1.6,2324,380,72,41,31,56.9,-100.0,0.0,-100000.0
fixed,15000,1.0,2324,380,57,43,14,75.4,-100.0,0.0,-100000.0
fixed,5000,1.6,2324,380,273,149,124,54.6,-100.0,0.0,-100000.0
fixed,15000,1.6,2324,380,79,43,36,54.4,-100.0,0.0,-100000.0
fixed,20000,1.0,2324,380,51,39,12,76.5,-100.0,0.0,-100000.0
fixed,20000,1.5,all,120,17,7,10,41.2,-100.0,0.0,-100000.0
fixed,20000,1.4,all,120,16,7,9,43.8,-100.0,0.0,-100000.0
fixed,20000,1.6,all,120,12,4,8,33.3,-100.0,0.0,-100000.0
fixed,15000,1.6,all,120,16,5,11,31.2,-100.0,0.0,-100000.0
fixed,20000,1.3,all,120,71,47,24,66.2,-100.0,0.0,-100000.0
fixed,15000,1.5,all,120,18,7,11,38.9,-100.0,0.0,-100000.0
fixed,5000,1.3,2223,380,96,55,41,57.3,-100.0,0.0,-100000.0
fixed,10000,1.3,2223,380,57,34,23,59.6,-100.0,0.0,-100000.0
fixed,15000,1.5,all,60,29,14,15,48.3,-100.0,0.0,-100000.0
fixed,20000,1.5,all,60,12,4,8,33.3,-100.0,0.0,-100000.0
fixed,15000,1.4,2223,380,55,32,23,58.2,-100.0,0.0,-100000.0
fixed,20000,1.4,2223,380,24,13,11,54.2,-100.0,0.0,-100000.0
fixed,5000,1.4,2223,380,206,125,81,60.7,-100.0,0.0,-100000.0
fixed,10000,1.4,2223,380,159,100,59,62.9,-100.0,0.0,-100000.0
fixed,20000,1.3,2223,380,17,8,9,47.1,-100.0,0.0,-100000.0
fixed,15000,1.3,2223,380,22,11,11,50.0,-100.0,0.0,-100000.0
fixed,20000,1.2,2223,380,13,6,7,46.2,-100.0,0.0,-100000.0
fixed,15000,1.2,2223,380,18,8,10,44.4,-100.0,0.0,-100000.0
fixed,20000,1.8,all,60,20,8,12,40.0,-100.0,0.0,-100000.0
fixed,2500,1.3,2223,380,264,162,102,61.4,-100.0,0.0,-100000.0
fixed,20000,1.5,2223,380,29,15,14,51.7,-100.0,0.0,-100000.0
fixed,10000,1.6,all,60,48,22,26,45.8,-100.0,0.0,-100000.0
fixed,15000,1.6,all,60,12,3,9,25.0,-100.0,0.0,-100000.0
fixed,20000,1.6,all,60,7,1,6,14.3,-100.0,0.0,-100000.0
fixed,20000,1.4,all,60,11,4,7,36.4,-100.0,0.0,-100000.0
fixed,15000,1.4,all,60,13,4,9,30.8,-100.0,0.0,-100000.0
fixed,10000,1.4,all,60,47,25,22,53.2,-100.0,0.0,-100000.0
fixed,10000,1.6,2223,380,138,76,62,55.1,-100.0,0.0,-100000.0
fixed,5000,1.5,2223,380,197,110,87,55.8,-100.0,0.0,-100000.0
fixed,10000,1.5,2223,380,48,24,24,50.0,-100.0,0.0,-100000.0
fixed,15000,1.5,2223,380,37,19,18,51.4,-100.0,0.0,-100000.0
fixed,10000,1.5,all,60,34,15,19,44.1,-100.0,0.0,-100000.0
fixed,20000,1.3,all,60,12,5,7,41.7,-100.0,0.0,-100000.0
fixed,15000,1.3,all,60,16,7,9,43.8,-100.0,0.0,-100000.0
fixed,20000,1.6,2223,380,85,47,38,55.3,-100.0,0.0,-100000.0
fixed,15000,1.6,2223,380,114,63,51,55.3,-100.0,0.0,-100000.0
fixed,5000,1.8,2223,380,298,150,148,50.3,-100.0,0.0,-100000.0
fixed,10000,1.8,2223,380,202,104,98,51.5,-100.0,0.0,-100000.0
fixed,15000,1.8,2223,380,122,62,60,50.8,-100.0,0.0,-100000.0
fixed,20000,1.8,2223,380,21,8,13,38.1,-100.0,0.0,-100000.0
