mirror_config,target_name,model_name,accuracy,roc_auc,f1_score
main,1X2 (Match Winner),Logistic Regression (Elastic Net),0.5297872340425532,0.0,0.4631372221145493
main,1X2 (Match Winner),Random Forest,0.528723404255319,0.0,0.4594813949286796
main,1X2 (Match Winner),HistGradientBoosting (Early Stopping),0.522340425531915,0.0,0.45047525876762917
main,1X2 (Match Winner),XGBoost (L1/L2 Regularized),0.500709219858156,0.0,0.4566738125534046
main,1X2 (Match Winner),Neural Network (Dropout),0.48475177304964534,0.0,0.4429326544900009
main,Double Chance 1X (Home or Draw),Logistic Regression (Elastic Net),0.7070921985815601,0.7144871700846622,0.8055793787315825
main,Double Chance 1X (Home or Draw),Random Forest,0.6957446808510638,0.6897333159874462,0.799492522959738
main,Double Chance 1X (Home or Draw),HistGradientBoosting (Early Stopping),0.6918439716312057,0.6842856830853996,0.7997028450124183
main,Double Chance 1X (Home or Draw),XGBoost (L1/L2 Regularized),0.6819148936170214,0.6816660504814831,0.7883598260687414
main,Double Chance 1X (Home or Draw),Neural Network (Dropout),0.6702127659574468,0.6551748453930989,0.7795084394122606
main,Double Chance X2 (Away or Draw),Logistic Regression (Elastic Net),0.6421985815602838,0.7091155953568679,0.6850821326701867
main,Double Chance X2 (Away or Draw),Random Forest,0.6393617021276595,0.6951759077208408,0.6853211246745781
main,Double Chance X2 (Away or Draw),HistGradientBoosting (Early Stopping),0.6372340425531915,0.673118328957132,0.6886806781810516
main,Double Chance X2 (Away or Draw),XGBoost (L1/L2 Regularized),0.6287234042553191,0.6778196957488543,0.6703815995577365
main,Double Chance X2 (Away or Draw),Neural Network (Dropout),0.6290780141843971,0.6615105121094269,0.6736693411165467
main,Over 2.5 Goals,Logistic Regression (Elastic Net),0.5471631205673759,0.5575562536444272,0.6294114343630033
main,Over 2.5 Goals,Random Forest,0.5524822695035461,0.5434016390666745,0.6356442823546274
main,Over 2.5 Goals,HistGradientBoosting (Early Stopping),0.550709219858156,0.5363438915905085,0.6643558984092799
main,Over 2.5 Goals,XGBoost (L1/L2 Regularized),0.5425531914893617,0.5361313239925256,0.6064913698259643
main,Over 2.5 Goals,Neural Network (Dropout),0.5156028368794325,0.531779926507077,0.537487529731249
main,Under 2.5 Goals,Logistic Regression (Elastic Net),0.5471631205673759,0.557556253644427,0.40413968062258887
main,Under 2.5 Goals,Random Forest,0.548581560283688,0.5428511146239734,0.40745219265893456
main,Under 2.5 Goals,HistGradientBoosting (Early Stopping),0.5627659574468085,0.5442178348818073,0.289343235374037
main,Under 2.5 Goals,XGBoost (L1/L2 Regularized),0.5425531914893617,0.5361313239925256,0.44121040138329226
main,Under 2.5 Goals,Neural Network (Dropout),0.5163120567375886,0.5180980234810112,0.3615156535125093
main,BTTS (Both Teams To Score),Logistic Regression (Elastic Net),0.5127659574468085,0.5075627164943155,0.5686089561626414
main,BTTS (Both Teams To Score),Random Forest,0.5074468085106384,0.5000707269534743,0.5713284545056442
main,BTTS (Both Teams To Score),HistGradientBoosting (Early Stopping),0.5322695035460991,0.5196837184823219,0.6089529160062617
main,BTTS (Both Teams To Score),XGBoost (L1/L2 Regularized),0.5056737588652482,0.5039943669853574,0.5597258875200872
main,BTTS (Both Teams To Score),Neural Network (Dropout),0.4992907801418439,0.5077883406618982,0.5221338998094256
main,BTTS - No,Logistic Regression (Elastic Net),0.5127659574468085,0.5075627164943155,0.40133953441674863
main,BTTS - No,Random Forest,0.5102836879432624,0.5003613431539501,0.37831911183492656
main,BTTS - No,HistGradientBoosting (Early Stopping),0.5351063829787235,0.5207547170280604,0.33563776435325343
main,BTTS - No,XGBoost (L1/L2 Regularized),0.5056737588652482,0.5039943669853575,0.42894517257117526
main,BTTS - No,Neural Network (Dropout),0.5191489361702128,0.5235243282277602,0.4289822199083548
main,Home Clean Sheet,Logistic Regression (Elastic Net),0.700354609929078,0.6098881437668556,0.19313671013739686
main,Home Clean Sheet,Random Forest,0.701418439716312,0.6028458080772093,0.17334057018427723
main,Home Clean Sheet,HistGradientBoosting (Early Stopping),0.7063829787234044,0.5966849011305934,0.04585613142566657
main,Home Clean Sheet,XGBoost (L1/L2 Regularized),0.6936170212765957,0.5955649107077199,0.22382123339629217
main,Home Clean Sheet,Neural Network (Dropout),0.6712765957446809,0.58871643387803,0.28957962447405866
oversampling_random,1X2 (Match Winner),Logistic Regression (Elastic Net),0.48829787234042554,0.0,0.4858779652796746
oversampling_random,1X2 (Match Winner),Random Forest,0.4925531914893617,0.0,0.4730319514268735
oversampling_random,1X2 (Match Winner),HistGradientBoosting (Early Stopping),0.4875886524822695,0.0,0.4834016677988946
oversampling_random,1X2 (Match Winner),XGBoost (L1/L2 Regularized),0.4868794326241135,0.0,0.4767593351976528
oversampling_random,1X2 (Match Winner),Neural Network (Dropout),0.44468085106382976,0.0,0.44651385024693857
oversampling_random,Double Chance 1X (Home or Draw),Logistic Regression (Elastic Net),0.6588652482269504,0.7133283409474263,0.7294930433909024
oversampling_random,Double Chance 1X (Home or Draw),Random Forest,0.6812056737588652,0.6867459384580622,0.7725750088000444
oversampling_random,Double Chance 1X (Home or Draw),HistGradientBoosting (Early Stopping),0.6705673758865248,0.6752547117673334,0.7557672353649584
oversampling_random,Double Chance 1X (Home or Draw),XGBoost (L1/L2 Regularized),0.6652482269503546,0.6814773654888502,0.7484774294474652
oversampling_random,Double Chance 1X (Home or Draw),Neural Network (Dropout),0.6404255319148936,0.6482502618612527,0.7255062282546358
oversampling_random,Double Chance X2 (Away or Draw),Logistic Regression (Elastic Net),0.6407801418439716,0.708337804033275,0.6576959335975265
oversampling_random,Double Chance X2 (Away or Draw),Random Forest,0.6358156028368794,0.696944455661801,0.6690634089210974
oversampling_random,Double Chance X2 (Away or Draw),HistGradientBoosting (Early Stopping),0.6290780141843972,0.6769133532033514,0.6534606287140332
oversampling_random,Double Chance X2 (Away or Draw),XGBoost (L1/L2 Regularized),0.6333333333333333,0.6835652930981511,0.6606700748884077
oversampling_random,Double Chance X2 (Away or Draw),Neural Network (Dropout),0.6166666666666666,0.6568871185268692,0.6374947051927818
oversampling_random,Over 2.5 Goals,Logistic Regression (Elastic Net),0.5372340425531915,0.5556476618299614,0.5824365094745205
oversampling_random,Over 2.5 Goals,Random Forest,0.5372340425531915,0.5473018149736395,0.5887313211785313
oversampling_random,Over 2.5 Goals,HistGradientBoosting (Early Stopping),0.5450354609929078,0.5391950311446719,0.5950516930550616
oversampling_random,Over 2.5 Goals,XGBoost (L1/L2 Regularized),0.5308510638297872,0.5400392245779974,0.5785425376661262
oversampling_random,Over 2.5 Goals,Neural Network (Dropout),0.525177304964539,0.5140624789480052,0.6069596936826911
oversampling_random,Under 2.5 Goals,Logistic Regression (Elastic Net),0.5372340425531915,0.5556476618299614,0.4767026451179127
oversampling_random,Under 2.5 Goals,Random Forest,0.5425531914893618,0.545263298327335,0.4676851628405059
oversampling_random,Under 2.5 Goals,HistGradientBoosting (Early Stopping),0.550354609929078,0.5353375127690343,0.4563940958713001
oversampling_random,Under 2.5 Goals,XGBoost (L1/L2 Regularized),0.5308510638297872,0.5400392245779972,0.4649026408963726
oversampling_random,Under 2.5 Goals,Neural Network (Dropout),0.5202127659574469,0.5230842888762549,0.37340711846353714
oversampling_random,BTTS (Both Teams To Score),Logistic Regression (Elastic Net),0.5053191489361702,0.5075091861877643,0.5471250172616651
oversampling_random,BTTS (Both Teams To Score),Random Forest,0.5010638297872341,0.497795865167965,0.5572920967921385
oversampling_random,BTTS (Both Teams To Score),HistGradientBoosting (Early Stopping),0.5141843971631206,0.5103580371763399,0.5762843424491553
oversampling_random,BTTS (Both Teams To Score),XGBoost (L1/L2 Regularized),0.5131205673758865,0.506584452985235,0.561550450342145
oversampling_random,BTTS (Both Teams To Score),Neural Network (Dropout),0.5273049645390071,0.5170192550302037,0.5546041275312842
oversampling_random,BTTS - No,Logistic Regression (Elastic Net),0.5053191489361702,0.5075091861877643,0.4409671002105192
oversampling_random,BTTS - No,Random Forest,0.5042553191489361,0.5013131066773301,0.4021172739955092
oversampling_random,BTTS - No,HistGradientBoosting (Early Stopping),0.5280141843971631,0.5161601326134837,0.424491177829695
oversampling_random,BTTS - No,XGBoost (L1/L2 Regularized),0.5131205673758865,0.506584452985235,0.4468899260903193
oversampling_random,BTTS - No,Neural Network (Dropout),0.5170212765957446,0.503749221655251,0.4265539066223466
oversampling_random,Home Clean Sheet,Logistic Regression (Elastic Net),0.5808510638297872,0.6062772078270473,0.4328795550761685
oversampling_random,Home Clean Sheet,Random Forest,0.6663120567375886,0.5979587293238503,0.33532892868936737
oversampling_random,Home Clean Sheet,HistGradientBoosting (Early Stopping),0.6106382978723405,0.6041449255717908,0.4158531015487861
oversampling_random,Home Clean Sheet,XGBoost (L1/L2 Regularized),0.6336879432624114,0.5958895088234222,0.37900250343143516
oversampling_random,Home Clean Sheet,Neural Network (Dropout),0.5946808510638298,0.5749183690848017,0.3871019754478613
oversampling_smote,1X2 (Match Winner),Logistic Regression (Elastic Net),0.4882978723404256,0.0,0.48969884726876456
oversampling_smote,1X2 (Match Winner),Random Forest,0.4826241134751773,0.0,0.47715688885563257
oversampling_smote,1X2 (Match Winner),HistGradientBoosting (Early Stopping),0.4730496453900709,0.0,0.4748428216242645
oversampling_smote,1X2 (Match Winner),XGBoost (L1/L2 Regularized),0.47304964539007094,0.0,0.46982585404660665
oversampling_smote,1X2 (Match Winner),Neural Network (Dropout),0.4539007092198582,0.0,0.4409528643847649
oversampling_smote,Double Chance 1X (Home or Draw),Logistic Regression (Elastic Net),0.6627659574468086,0.7129587941486979,0.7335572937036445
oversampling_smote,Double Chance 1X (Home or Draw),Random Forest,0.6783687943262412,0.6962000111190492,0.7647415168236444
oversampling_smote,Double Chance 1X (Home or Draw),HistGradientBoosting (Early Stopping),0.6687943262411348,0.6785875941044388,0.7558315032525216
oversampling_smote,Double Chance 1X (Home or Draw),XGBoost (L1/L2 Regularized),0.6780141843971632,0.6883576496577228,0.7642606959109138
oversampling_smote,Double Chance 1X (Home or Draw),Neural Network (Dropout),0.6517730496453901,0.6507866393757415,0.7455560253210287
oversampling_smote,Double Chance X2 (Away or Draw),Logistic Regression (Elastic Net),0.6379432624113475,0.7092961022623117,0.6572823416157123
oversampling_smote,Double Chance X2 (Away or Draw),Random Forest,0.6340425531914894,0.6947618330284396,0.6631662050336977
oversampling_smote,Double Chance X2 (Away or Draw),HistGradientBoosting (Early Stopping),0.6290780141843972,0.6816188664327596,0.6547300489703693
oversampling_smote,Double Chance X2 (Away or Draw),XGBoost (L1/L2 Regularized),0.6219858156028368,0.678640548226124,0.6456431828783012
oversampling_smote,Double Chance X2 (Away or Draw),Neural Network (Dropout),0.6095744680851063,0.6570913702200777,0.6542862366075307
oversampling_smote,Over 2.5 Goals,Logistic Regression (Elastic Net),0.5436170212765956,0.5578122896876436,0.588063794156106
oversampling_smote,Over 2.5 Goals,Random Forest,0.5397163120567375,0.5461830772683471,0.5893969017494403
oversampling_smote,Over 2.5 Goals,HistGradientBoosting (Early Stopping),0.5439716312056737,0.5420893761580785,0.6031336577011209
oversampling_smote,Over 2.5 Goals,XGBoost (L1/L2 Regularized),0.5336879432624113,0.5381407569423907,0.5832744345142187
oversampling_smote,Over 2.5 Goals,Neural Network (Dropout),0.5067375886524823,0.5150997785761489,0.5303412493542254
oversampling_smote,Under 2.5 Goals,Logistic Regression (Elastic Net),0.5436170212765956,0.5578122896876436,0.4840504301298133
oversampling_smote,Under 2.5 Goals,Random Forest,0.5443262411347518,0.5480189758545322,0.463656089612838
oversampling_smote,Under 2.5 Goals,HistGradientBoosting (Early Stopping),0.5464539007092198,0.548908575242726,0.45507929576328765
oversampling_smote,Under 2.5 Goals,XGBoost (L1/L2 Regularized),0.5336879432624113,0.5381407569423907,0.46545929477562764
oversampling_smote,Under 2.5 Goals,Neural Network (Dropout),0.5134751773049645,0.5260658565983605,0.5074402928442855
oversampling_smote,BTTS (Both Teams To Score),Logistic Regression (Elastic Net),0.5124113475177305,0.5089620897927306,0.5520479222575885
oversampling_smote,BTTS (Both Teams To Score),Random Forest,0.500709219858156,0.4997332589101542,0.5545619116556372
oversampling_smote,BTTS (Both Teams To Score),HistGradientBoosting (Early Stopping),0.5205673758865249,0.5150262786783646,0.5846645288447617
oversampling_smote,BTTS (Both Teams To Score),XGBoost (L1/L2 Regularized),0.5109929078014185,0.513651774556052,0.5572947559311168
oversampling_smote,BTTS (Both Teams To Score),Neural Network (Dropout),0.4911347517730496,0.5096352239665817,0.4440226324818908
oversampling_smote,BTTS - No,Logistic Regression (Elastic Net),0.5124113475177305,0.5089620897927306,0.44984375719213743
oversampling_smote,BTTS - No,Random Forest,0.5099290780141844,0.4981452223369317,0.40830860696753024
oversampling_smote,BTTS - No,HistGradientBoosting (Early Stopping),0.5336879432624113,0.5201677516621983,0.41337395574432156
oversampling_smote,BTTS - No,XGBoost (L1/L2 Regularized),0.5109929078014185,0.513651774556052,0.44847109849259637
oversampling_smote,BTTS - No,Neural Network (Dropout),0.5152482269503545,0.5164115598665371,0.46689763851142063
oversampling_smote,Home Clean Sheet,Logistic Regression (Elastic Net),0.5698581560283688,0.6091807545749187,0.43083087006171344
oversampling_smote,Home Clean Sheet,Random Forest,0.6439716312056737,0.6018417785176464,0.36998912808597373
oversampling_smote,Home Clean Sheet,HistGradientBoosting (Early Stopping),0.5907801418439715,0.5955516256352646,0.4228486316257549
oversampling_smote,Home Clean Sheet,XGBoost (L1/L2 Regularized),0.6301418439716312,0.5927543517370936,0.3762204037702647
oversampling_smote,Home Clean Sheet,Neural Network (Dropout),0.6205673758865249,0.56598574414906,0.3352474237431323
undersampling_random,1X2 (Match Winner),Logistic Regression (Elastic Net),0.4875886524822695,0.0,0.4899967288225633
undersampling_random,1X2 (Match Winner),Random Forest,0.4698581560283688,0.0,0.47399568894041294
undersampling_random,1X2 (Match Winner),HistGradientBoosting (Early Stopping),0.4631205673758865,0.0,0.4681008582909338
undersampling_random,1X2 (Match Winner),XGBoost (L1/L2 Regularized),0.45319148936170217,0.0,0.4625381651309134
undersampling_random,1X2 (Match Winner),Neural Network (Dropout),0.4283687943262411,0.0,0.4375001015952974
undersampling_random,Double Chance 1X (Home or Draw),Logistic Regression (Elastic Net),0.6624113475177305,0.7136171366668653,0.7300764268409401
undersampling_random,Double Chance 1X (Home or Draw),Random Forest,0.65,0.6949394798264643,0.7181058677021411
undersampling_random,Double Chance 1X (Home or Draw),HistGradientBoosting (Early Stopping),0.6340425531914893,0.6729405003821768,0.7084064206152101
undersampling_random,Double Chance 1X (Home or Draw),XGBoost (L1/L2 Regularized),0.6326241134751773,0.6739427838924661,0.7058547149530912
undersampling_random,Double Chance 1X (Home or Draw),Neural Network (Dropout),0.6070921985815602,0.6476479275222221,0.6807818199910604
undersampling_random,Double Chance X2 (Away or Draw),Logistic Regression (Elastic Net),0.6354609929078014,0.7091809087399084,0.6494265488956776
undersampling_random,Double Chance X2 (Away or Draw),Random Forest,0.6273049645390071,0.6957983612086347,0.6430767479435243
undersampling_random,Double Chance X2 (Away or Draw),HistGradientBoosting (Early Stopping),0.6276595744680851,0.677842167541092,0.6447242795987624
undersampling_random,Double Chance X2 (Away or Draw),XGBoost (L1/L2 Regularized),0.6198581560283689,0.683645715705332,0.6353758382249403
undersampling_random,Double Chance X2 (Away or Draw),Neural Network (Dropout),0.6156028368794326,0.6571003936085615,0.6456895925947056
undersampling_random,Over 2.5 Goals,Logistic Regression (Elastic Net),0.5365248226950354,0.5556493147379349,0.5881020349358895
undersampling_random,Over 2.5 Goals,Random Forest,0.5304964539007093,0.54027085748727,0.5861140974774763
undersampling_random,Over 2.5 Goals,HistGradientBoosting (Early Stopping),0.548936170212766,0.5416657919999863,0.6077938087852471
undersampling_random,Over 2.5 Goals,XGBoost (L1/L2 Regularized),0.5315602836879433,0.5339649213792287,0.5707907291639629
undersampling_random,Over 2.5 Goals,Neural Network (Dropout),0.5273049645390071,0.5279879163748549,0.5903981714724513
undersampling_random,Under 2.5 Goals,Logistic Regression (Elastic Net),0.5365248226950354,0.5556599183249276,0.4660019525875395
undersampling_random,Under 2.5 Goals,Random Forest,0.5322695035460994,0.5438439594076765,0.45566925275686154
undersampling_random,Under 2.5 Goals,HistGradientBoosting (Early Stopping),0.5411347517730497,0.5356233239546759,0.46360537885970077
undersampling_random,Under 2.5 Goals,XGBoost (L1/L2 Regularized),0.5315602836879433,0.5339649213792287,0.48015570276409125
undersampling_random,Under 2.5 Goals,Neural Network (Dropout),0.5145390070921986,0.5270341071700406,0.49666602941002375
undersampling_random,BTTS (Both Teams To Score),Logistic Regression (Elastic Net),0.5053191489361701,0.5072000747205988,0.5429363920530912
undersampling_random,BTTS (Both Teams To Score),Random Forest,0.5070921985815603,0.5026264321715861,0.5643853628881712
undersampling_random,BTTS (Both Teams To Score),HistGradientBoosting (Early Stopping),0.524113475177305,0.5197923809443947,0.5798925125921851
undersampling_random,BTTS (Both Teams To Score),XGBoost (L1/L2 Regularized),0.5088652482269503,0.5098681299610439,0.5523478683659419
undersampling_random,BTTS (Both Teams To Score),Neural Network (Dropout),0.5106382978723405,0.5234045145611319,0.5039420373280581
undersampling_random,BTTS - No,Logistic Regression (Elastic Net),0.5056737588652481,0.5071945695512391,0.44593356979122517
undersampling_random,BTTS - No,Random Forest,0.5099290780141844,0.4992161943107443,0.4304243539205846
undersampling_random,BTTS - No,HistGradientBoosting (Early Stopping),0.5219858156028369,0.49789544390252666,0.39245437602330935
undersampling_random,BTTS - No,XGBoost (L1/L2 Regularized),0.5088652482269503,0.5098681299610439,0.4520549995868285
undersampling_random,BTTS - No,Neural Network (Dropout),0.5322695035460994,0.5178549952088531,0.45453333737921964
undersampling_random,Home Clean Sheet,Logistic Regression (Elastic Net),0.5553191489361702,0.605979110707952,0.43457801660696893
undersampling_random,Home Clean Sheet,Random Forest,0.5663120567375886,0.5990838314030208,0.4316697313478429
undersampling_random,Home Clean Sheet,HistGradientBoosting (Early Stopping),0.5702127659574467,0.5966337384979724,0.42962814970320873
undersampling_random,Home Clean Sheet,XGBoost (L1/L2 Regularized),0.5549645390070922,0.5872369802650159,0.42806051095452347
undersampling_random,Home Clean Sheet,Neural Network (Dropout),0.5397163120567375,0.5613092034959776,0.39854999957921383
undersampling_tomek,1X2 (Match Winner),Logistic Regression (Elastic Net),0.523758865248227,0.0,0.4791598199379477
undersampling_tomek,1X2 (Match Winner),Random Forest,0.5209219858156028,0.0,0.46866615608483625
undersampling_tomek,1X2 (Match Winner),HistGradientBoosting (Early Stopping),0.5209219858156028,0.0,0.4724569638764514
undersampling_tomek,1X2 (Match Winner),XGBoost (L1/L2 Regularized),0.499645390070922,0.0,0.47233499404831286
undersampling_tomek,1X2 (Match Winner),Neural Network (Dropout),0.4719858156028369,0.0,0.45100494273292807
undersampling_tomek,Double Chance 1X (Home or Draw),Logistic Regression (Elastic Net),0.7053191489361701,0.7134939996479028,0.8003965520942564
undersampling_tomek,Double Chance 1X (Home or Draw),Random Forest,0.6946808510638298,0.6900566811337348,0.7937115051724791
undersampling_tomek,Double Chance 1X (Home or Draw),HistGradientBoosting (Early Stopping),0.6868794326241134,0.6848943760923232,0.7902512784337334
undersampling_tomek,Double Chance 1X (Home or Draw),XGBoost (L1/L2 Regularized),0.6836879432624113,0.6831621214449196,0.7844166349926626
undersampling_tomek,Double Chance 1X (Home or Draw),Neural Network (Dropout),0.6836879432624112,0.6652341608325445,0.7818248395033278
undersampling_tomek,Double Chance X2 (Away or Draw),Logistic Regression (Elastic Net),0.6393617021276595,0.7081509622067534,0.6639515150347636
undersampling_tomek,Double Chance X2 (Away or Draw),Random Forest,0.6312056737588653,0.6946323715956056,0.6586202885948718
undersampling_tomek,Double Chance X2 (Away or Draw),HistGradientBoosting (Early Stopping),0.6450354609929079,0.68788504231423,0.6682761451849368
undersampling_tomek,Double Chance X2 (Away or Draw),XGBoost (L1/L2 Regularized),0.6226950354609929,0.6864351848409653,0.6430295508452658
undersampling_tomek,Double Chance X2 (Away or Draw),Neural Network (Dropout),0.6060283687943262,0.6637902033976333,0.6008129205459134
undersampling_tomek,Over 2.5 Goals,Logistic Regression (Elastic Net),0.5379432624113475,0.5572697654474221,0.5619953081339233
undersampling_tomek,Over 2.5 Goals,Random Forest,0.5446808510638298,0.549118857359453,0.5633433026987266
undersampling_tomek,Over 2.5 Goals,HistGradientBoosting (Early Stopping),0.5294326241134751,0.5422020052751522,0.5342722303302961
undersampling_tomek,Over 2.5 Goals,XGBoost (L1/L2 Regularized),0.5333333333333334,0.5341710439117532,0.5692005720975493
undersampling_tomek,Over 2.5 Goals,Neural Network (Dropout),0.525177304964539,0.5369280647483461,0.5763361418832055
undersampling_tomek,Under 2.5 Goals,Logistic Regression (Elastic Net),0.5379432624113475,0.5572697654474222,0.5001089647870555
undersampling_tomek,Under 2.5 Goals,Random Forest,0.5354609929078015,0.5474495406835777,0.4941003102477607
undersampling_tomek,Under 2.5 Goals,HistGradientBoosting (Early Stopping),0.5120567375886524,0.5396520767638604,0.5183350618470921
undersampling_tomek,Under 2.5 Goals,XGBoost (L1/L2 Regularized),0.5333333333333334,0.5341710439117533,0.480273396279182
undersampling_tomek,Under 2.5 Goals,Neural Network (Dropout),0.5209219858156027,0.5346607953135406,0.5043699708342728
undersampling_tomek,BTTS (Both Teams To Score),Logistic Regression (Elastic Net),0.4914893617021277,0.5050766334809927,0.3845784881978558
undersampling_tomek,BTTS (Both Teams To Score),Random Forest,0.48936170212765956,0.506633363430056,0.4173142672715535
undersampling_tomek,BTTS (Both Teams To Score),HistGradientBoosting (Early Stopping),0.4705673758865248,0.5191643494550426,0.04312603819015834
undersampling_tomek,BTTS (Both Teams To Score),XGBoost (L1/L2 Regularized),0.5099290780141843,0.5089171624659232,0.5037156380727408
undersampling_tomek,BTTS (Both Teams To Score),Neural Network (Dropout),0.4960992907801419,0.5106942568297611,0.4264644102295988
undersampling_tomek,BTTS - No,Logistic Regression (Elastic Net),0.4914893617021277,0.5050766334809927,0.5530052123665898
undersampling_tomek,BTTS - No,Random Forest,0.4950354609929078,0.5076712172254,0.5436996521331618
undersampling_tomek,BTTS - No,HistGradientBoosting (Early Stopping),0.46453900709219853,0.5040169225794756,0.6088840738024187
undersampling_tomek,BTTS - No,XGBoost (L1/L2 Regularized),0.5099290780141843,0.5089171624659232,0.5086258560618271
undersampling_tomek,BTTS - No,Neural Network (Dropout),0.4925531914893617,0.5053723260406777,0.5431998841855863
undersampling_tomek,Home Clean Sheet,Logistic Regression (Elastic Net),0.6836879432624114,0.6108972488002775,0.252263544119102
undersampling_tomek,Home Clean Sheet,Random Forest,0.6943262411347517,0.5997079189753667,0.2513498272126936
undersampling_tomek,Home Clean Sheet,HistGradientBoosting (Early Stopping),0.6932624113475176,0.6007209284761452,0.13578417216285052
undersampling_tomek,Home Clean Sheet,XGBoost (L1/L2 Regularized),0.6801418439716312,0.5956583254065448,0.28000057387517413
undersampling_tomek,Home Clean Sheet,Neural Network (Dropout),0.6375886524822695,0.5862542412655752,0.3360042274004335
undersampling_centroids,1X2 (Match Winner),Logistic Regression (Elastic Net),0.48936170212765956,0.0,0.4879450770115927
undersampling_centroids,1X2 (Match Winner),Random Forest,0.47659574468085103,0.0,0.4782065205113276
undersampling_centroids,1X2 (Match Winner),HistGradientBoosting (Early Stopping),0.44255319148936173,0.0,0.44617226482405625
undersampling_centroids,1X2 (Match Winner),XGBoost (L1/L2 Regularized),0.4542553191489362,0.0,0.46145759967391714
undersampling_centroids,1X2 (Match Winner),Neural Network (Dropout),0.43936170212765957,0.0,0.4417109778017899
undersampling_centroids,Double Chance 1X (Home or Draw),Logistic Regression (Elastic Net),0.6606382978723404,0.7115738175891222,0.7341448667832446
undersampling_centroids,Double Chance 1X (Home or Draw),Random Forest,0.6464539007092199,0.6908782697810896,0.7134596747565797
undersampling_centroids,Double Chance 1X (Home or Draw),HistGradientBoosting (Early Stopping),0.6418439716312057,0.6795576416077872,0.7091123926397184
undersampling_centroids,Double Chance 1X (Home or Draw),XGBoost (L1/L2 Regularized),0.6393617021276596,0.6750696160395013,0.7090363094293135
undersampling_centroids,Double Chance 1X (Home or Draw),Neural Network (Dropout),0.6333333333333334,0.6495854674144663,0.7224087958838744
undersampling_centroids,Double Chance X2 (Away or Draw),Logistic Regression (Elastic Net),0.6443262411347517,0.7078736205319014,0.6642457560513103
undersampling_centroids,Double Chance X2 (Away or Draw),Random Forest,0.6322695035460992,0.692695212227689,0.6535485290360906
undersampling_centroids,Double Chance X2 (Away or Draw),HistGradientBoosting (Early Stopping),0.6226950354609929,0.6741316140547979,0.6392235017488577
undersampling_centroids,Double Chance X2 (Away or Draw),XGBoost (L1/L2 Regularized),0.6329787234042554,0.6849226769893448,0.6477158397537843
undersampling_centroids,Double Chance X2 (Away or Draw),Neural Network (Dropout),0.6092198581560284,0.6513509881824875,0.6205768007066825
undersampling_centroids,Over 2.5 Goals,Logistic Regression (Elastic Net),0.5443262411347517,0.5568453129656692,0.593145186418739
undersampling_centroids,Over 2.5 Goals,Random Forest,0.5425531914893617,0.5417465959349774,0.5988298380408823
undersampling_centroids,Over 2.5 Goals,HistGradientBoosting (Early Stopping),0.5117021276595746,0.5318851460811277,0.4388692453996055
undersampling_centroids,Over 2.5 Goals,XGBoost (L1/L2 Regularized),0.526595744680851,0.529826196135003,0.5756503067554085
undersampling_centroids,Over 2.5 Goals,Neural Network (Dropout),0.5141843971631206,0.5244155482753131,0.5558597021373454
undersampling_centroids,Under 2.5 Goals,Logistic Regression (Elastic Net),0.5446808510638299,0.556852366452591,0.47650708209631903
undersampling_centroids,Under 2.5 Goals,Random Forest,0.5390070921985816,0.5404348578714533,0.45994671202575466
undersampling_centroids,Under 2.5 Goals,HistGradientBoosting (Early Stopping),0.5195035460992907,0.531966543891043,0.5091008675366181
undersampling_centroids,Under 2.5 Goals,XGBoost (L1/L2 Regularized),0.526595744680851,0.529826196135003,0.45682209687023445
undersampling_centroids,Under 2.5 Goals,Neural Network (Dropout),0.5301418439716312,0.5361415862065942,0.43908491324306825
undersampling_centroids,BTTS (Both Teams To Score),Logistic Regression (Elastic Net),0.5148936170212766,0.5098003434994993,0.5607682877590726
undersampling_centroids,BTTS (Both Teams To Score),Random Forest,0.50177304964539,0.49743787257702926,0.5686783520578513
undersampling_centroids,BTTS (Both Teams To Score),HistGradientBoosting (Early Stopping),0.5049645390070923,0.49757560953124375,0.4570826351203213
undersampling_centroids,BTTS (Both Teams To Score),XGBoost (L1/L2 Regularized),0.5113475177304965,0.5149789981439715,0.5658765324282216
undersampling_centroids,BTTS (Both Teams To Score),Neural Network (Dropout),0.5184397163120568,0.5150773239693296,0.5734976117424446
undersampling_centroids,BTTS - No,Logistic Regression (Elastic Net),0.5148936170212766,0.5097954387391246,0.43964282594983706
undersampling_centroids,BTTS - No,Random Forest,0.4960992907801419,0.4905063135651977,0.40128467632756737
undersampling_centroids,BTTS - No,HistGradientBoosting (Early Stopping),0.526595744680851,0.5083901101803809,0.407682696057693
undersampling_centroids,BTTS - No,XGBoost (L1/L2 Regularized),0.5113475177304965,0.5149789981439715,0.43397268592108684
undersampling_centroids,BTTS - No,Neural Network (Dropout),0.5209219858156028,0.5201651901382085,0.3936319470907414
undersampling_centroids,Home Clean Sheet,Logistic Regression (Elastic Net),0.5705673758865248,0.6013043681095287,0.4232497405514555
undersampling_centroids,Home Clean Sheet,Random Forest,0.5709219858156028,0.5922170859607604,0.41829062694941416
undersampling_centroids,Home Clean Sheet,HistGradientBoosting (Early Stopping),0.550709219858156,0.5747841539155493,0.42855401288584105
undersampling_centroids,Home Clean Sheet,XGBoost (L1/L2 Regularized),0.5574468085106383,0.5848862270145718,0.40910709251102767
undersampling_centroids,Home Clean Sheet,Neural Network (Dropout),0.5560283687943264,0.5715859684382298,0.4073107209623263
undersampling_nearmiss,1X2 (Match Winner),Logistic Regression (Elastic Net),0.44468085106382976,0.0,0.4575260113470878
undersampling_nearmiss,1X2 (Match Winner),Random Forest,0.4283687943262411,0.0,0.43842448647969323
undersampling_nearmiss,1X2 (Match Winner),HistGradientBoosting (Early Stopping),0.451418439716312,0.0,0.4568446513690539
undersampling_nearmiss,1X2 (Match Winner),XGBoost (L1/L2 Regularized),0.38581560283687943,0.0,0.3955521152751883
undersampling_nearmiss,1X2 (Match Winner),Neural Network (Dropout),0.37553191489361704,0.0,0.3800627771207452
undersampling_nearmiss,Double Chance 1X (Home or Draw),Logistic Regression (Elastic Net),0.6159574468085106,0.677004531111365,0.6816360963003443
undersampling_nearmiss,Double Chance 1X (Home or Draw),Random Forest,0.5542553191489362,0.6253300009342733,0.5979385187919004
undersampling_nearmiss,Double Chance 1X (Home or Draw),HistGradientBoosting (Early Stopping),0.5790780141843971,0.6333247738816827,0.6342544138629023
undersampling_nearmiss,Double Chance 1X (Home or Draw),XGBoost (L1/L2 Regularized),0.551418439716312,0.6056065035255854,0.5931045972481505
undersampling_nearmiss,Double Chance 1X (Home or Draw),Neural Network (Dropout),0.48936170212765956,0.5716513017162714,0.4988414533151667
undersampling_nearmiss,Double Chance X2 (Away or Draw),Logistic Regression (Elastic Net),0.6326241134751773,0.703597992327541,0.6478877273526649
undersampling_nearmiss,Double Chance X2 (Away or Draw),Random Forest,0.6322695035460993,0.6921320917350947,0.6466827760416234
undersampling_nearmiss,Double Chance X2 (Away or Draw),HistGradientBoosting (Early Stopping),0.6230496453900709,0.6759099044493297,0.6334442022289346
undersampling_nearmiss,Double Chance X2 (Away or Draw),XGBoost (L1/L2 Regularized),0.6230496453900709,0.6792548232585668,0.6401025163864486
undersampling_nearmiss,Double Chance X2 (Away or Draw),Neural Network (Dropout),0.5964539007092199,0.6433964993210983,0.6244870892249187
undersampling_nearmiss,Over 2.5 Goals,Logistic Regression (Elastic Net),0.5421985815602837,0.5600641225765178,0.5878866458949658
undersampling_nearmiss,Over 2.5 Goals,Random Forest,0.5439716312056737,0.5486788027513817,0.5967884247214241
undersampling_nearmiss,Over 2.5 Goals,HistGradientBoosting (Early Stopping),0.5407801418439716,0.5482543441819273,0.5910639143279164
undersampling_nearmiss,Over 2.5 Goals,XGBoost (L1/L2 Regularized),0.5379432624113475,0.5600054908636589,0.576476684773066
undersampling_nearmiss,Over 2.5 Goals,Neural Network (Dropout),0.5276595744680851,0.5380365241524387,0.5490979851782992
undersampling_nearmiss,Under 2.5 Goals,Logistic Regression (Elastic Net),0.5421985815602837,0.5600641225765178,0.4804110538121808
undersampling_nearmiss,Under 2.5 Goals,Random Forest,0.5315602836879432,0.5434919576163328,0.47267326982888963
undersampling_nearmiss,Under 2.5 Goals,HistGradientBoosting (Early Stopping),0.5446808510638298,0.5427207977730729,0.48181075594865064
undersampling_nearmiss,Under 2.5 Goals,XGBoost (L1/L2 Regularized),0.5379432624113475,0.5600054908636589,0.4875044897865715
undersampling_nearmiss,Under 2.5 Goals,Neural Network (Dropout),0.5148936170212766,0.5249261084834889,0.4673989492144354
undersampling_nearmiss,BTTS (Both Teams To Score),Logistic Regression (Elastic Net),0.5138297872340425,0.5171756700763785,0.55156615495664
undersampling_nearmiss,BTTS (Both Teams To Score),Random Forest,0.500709219858156,0.508271995506488,0.5602306397156258
undersampling_nearmiss,BTTS (Both Teams To Score),HistGradientBoosting (Early Stopping),0.5145390070921986,0.5129901173933653,0.5737932710018397
undersampling_nearmiss,BTTS (Both Teams To Score),XGBoost (L1/L2 Regularized),0.5131205673758865,0.5076978430714628,0.557202761327112
undersampling_nearmiss,BTTS (Both Teams To Score),Neural Network (Dropout),0.5180851063829788,0.5139677676553666,0.5509982048647576
undersampling_nearmiss,BTTS - No,Logistic Regression (Elastic Net),0.5138297872340425,0.5171655504532213,0.4591838459625234
undersampling_nearmiss,BTTS - No,Random Forest,0.5120567375886526,0.506046834502148,0.41899705466428533
undersampling_nearmiss,BTTS - No,HistGradientBoosting (Early Stopping),0.523758865248227,0.5186829106463955,0.4152066237845167
undersampling_nearmiss,BTTS - No,XGBoost (L1/L2 Regularized),0.5131205673758865,0.5076978430714628,0.45258391790016506
undersampling_nearmiss,BTTS - No,Neural Network (Dropout),0.5088652482269505,0.5087191451137701,0.46370464833872094
undersampling_nearmiss,Home Clean Sheet,Logistic Regression (Elastic Net),0.5106382978723404,0.5819360454449317,0.43731543651559657
undersampling_nearmiss,Home Clean Sheet,Random Forest,0.4599290780141844,0.5663286310147272,0.4278940637934956
undersampling_nearmiss,Home Clean Sheet,HistGradientBoosting (Early Stopping),0.49219858156028373,0.5610972951984318,0.41875898290127483
undersampling_nearmiss,Home Clean Sheet,XGBoost (L1/L2 Regularized),0.475177304964539,0.5540067531043328,0.42059084101244926
undersampling_nearmiss,Home Clean Sheet,Neural Network (Dropout),0.43510638297872334,0.5393424776467759,0.4194747622518701
