game,date,home_team,away_team,referee,home_avg_gf,home_avg_ga,home_btts_rate,away_avg_gf,away_avg_ga,away_btts_rate,referee_avg_cards_history,home_goals,away_goals,total_goals,btts,total_cards
2023-08-11 Burnley-Manchester City,2023-08-11,Burnley,Manchester City,Craig Pawson,,,,,,,4.355263157894737,0.0,3.0,3.0,False,1.0
2023-08-12 Arsenal-Nottingham Forest,2023-08-12,Arsenal,Nottingham Forest,Michael Oliver,,,,,,,4.355263157894737,2.0,1.0,3.0,True,4.0
2023-08-12 Bournemouth-West Ham United,2023-08-12,Bournemouth,West Ham United,Peter Bankes,,,,,,,4.355263157894737,1.0,1.0,2.0,True,5.0
2023-08-12 Brighton-Luton Town,2023-08-12,Brighton,Luton Town,David Coote,,,,,,,4.355263157894737,4.0,1.0,5.0,True,4.0
2023-08-12 Everton-Fulham,2023-08-12,Everton,Fulham,Stuart Attwell,,,,,,,4.355263157894737,0.0,1.0,1.0,False,2.0
2023-08-12 Sheffield United-Crystal Palace,2023-08-12,Sheffield United,Crystal Palace,John Brooks,,,,,,,4.355263157894737,0.0,1.0,1.0,False,3.0
2023-08-12 Newcastle United-Aston Villa,2023-08-12,Newcastle United,Aston Villa,Andy Madley,,,,,,,4.355263157894737,5.0,1.0,6.0,True,8.0
2023-08-13 Brentford-Tottenham Hotspur,2023-08-13,Brentford,Tottenham Hotspur,Robert Jones,,,,,,,4.355263157894737,2.0,2.0,4.0,True,5.0
2023-08-13 Chelsea-Liverpool,2023-08-13,Chelsea,Liverpool,Anthony Taylor,,,,,,,4.355263157894737,1.0,1.0,2.0,True,6.0
2023-08-14 Manchester Utd-Wolves,2023-08-14,Manchester Utd,Wolves,Simon Hooper,,,,,,,4.355263157894737,1.0,0.0,1.0,False,5.0
2023-08-18 Nottingham Forest-Sheffield United,2023-08-18,Nottingham Forest,Sheffield United,Peter Bankes,1.0,2.0,1.0,0.0,1.0,0.0,5.0,2.0,1.0,3.0,True,5.0
2023-08-19 Fulham-Brentford,2023-08-19,Fulham,Brentford,Darren Bond,1.0,0.0,0.0,2.0,2.0,1.0,4.355263157894737,0.0,3.0,3.0,False,5.0
2023-08-19 Liverpool-Bournemouth,2023-08-19,Liverpool,Bournemouth,Thomas Bramall,1.0,1.0,1.0,1.0,1.0,1.0,4.355263157894737,3.0,1.0,4.0,True,5.0
2023-08-19 Wolves-Brighton,2023-08-19,Wolves,Brighton,Andy Madley,0.0,1.0,0.0,4.0,1.0,1.0,8.0,1.0,4.0,5.0,True,10.0
2023-08-19 Tottenham Hotspur-Manchester Utd,2023-08-19,Tottenham Hotspur,Manchester Utd,Michael Oliver,2.0,2.0,1.0,1.0,0.0,0.0,4.0,2.0,0.0,2.0,False,4.0
2023-08-19 Manchester City-Newcastle United,2023-08-19,Manchester City,Newcastle United,Robert Jones,3.0,0.0,0.0,5.0,1.0,1.0,5.0,1.0,0.0,1.0,False,6.0
2023-08-20 Aston Villa-Everton,2023-08-20,Aston Villa,Everton,Anthony Taylor,1.0,5.0,1.0,0.0,1.0,0.0,6.0,4.0,0.0,4.0,False,7.0
2023-08-20 West Ham United-Chelsea,2023-08-20,West Ham United,Chelsea,John Brooks,1.0,1.0,1.0,1.0,1.0,1.0,3.0,3.0,1.0,4.0,True,6.0
2023-08-21 Crystal Palace-Arsenal,2023-08-21,Crystal Palace,Arsenal,David Coote,1.0,0.0,0.0,2.0,1.0,1.0,4.0,0.0,1.0,1.0,False,4.0
2023-08-25 Chelsea-Luton Town,2023-08-25,Chelsea,Luton Town,Robert Jones,1.0,2.0,1.0,1.0,4.0,1.0,5.5,3.0,0.0,3.0,False,5.0
2023-08-26 Brighton-West Ham United,2023-08-26,Brighton,West Ham United,Anthony Taylor,4.0,1.0,1.0,2.0,1.0,1.0,6.5,1.0,3.0,4.0,True,4.0
2023-08-26 Manchester Utd-Nottingham Forest,2023-08-26,Manchester Utd,Nottingham Forest,Stuart Attwell,0.5,1.0,0.0,1.5,1.5,1.0,2.0,3.0,2.0,5.0,True,9.0
2023-08-26 Everton-Wolves,2023-08-26,Everton,Wolves,Craig Pawson,0.0,2.5,0.0,0.5,2.5,0.5,1.0,0.0,1.0,1.0,False,7.0
2023-08-26 Arsenal-Fulham,2023-08-26,Arsenal,Fulham,Paul Tierney,1.5,0.5,0.5,0.5,1.5,0.0,4.355263157894737,2.0,2.0,4.0,True,5.0
2023-08-26 Bournemouth-Tottenham Hotspur,2023-08-26,Bournemouth,Tottenham Hotspur,Tim Robinson,1.0,2.0,1.0,2.0,1.0,0.5,4.355263157894737,0.0,2.0,2.0,False,4.0
2023-08-26 Brentford-Crystal Palace,2023-08-26,Brentford,Crystal Palace,Peter Bankes,2.5,1.0,0.5,0.5,0.5,0.0,5.0,1.0,1.0,2.0,True,0.0
2023-08-27 Burnley-Aston Villa,2023-08-27,Burnley,Aston Villa,Michael Salisbury,0.0,3.0,0.0,2.5,2.5,0.5,4.355263157894737,1.0,3.0,4.0,True,2.0
2023-08-27 Sheffield United-Manchester City,2023-08-27,Sheffield United,Manchester City,Jarred Gillett,0.5,1.5,0.5,2.0,0.0,0.0,4.355263157894737,1.0,2.0,3.0,True,4.0
2023-08-27 Newcastle United-Liverpool,2023-08-27,Newcastle United,Liverpool,John Brooks,2.5,1.0,0.5,2.0,1.0,1.0,4.5,1.0,2.0,3.0,True,4.0
2023-09-01 Luton Town-West Ham United,2023-09-01,Luton Town,West Ham United,Paul Tierney,0.5,3.5,0.5,2.3333333333333335,1.0,1.0,5.0,1.0,2.0,3.0,True,2.0
2023-09-02 Brighton-Newcastle United,2023-09-02,Brighton,Newcastle United,Stuart Attwell,3.0,1.6666666666666667,1.0,2.0,1.3333333333333333,0.6666666666666666,5.5,3.0,1.0,4.0,True,8.0
2023-09-02 Chelsea-Nottingham Forest,2023-09-02,Chelsea,Nottingham Forest,Tim Robinson,1.6666666666666667,1.3333333333333333,0.6666666666666666,1.6666666666666667,2.0,1.0,4.0,0.0,1.0,1.0,False,7.0
2023-09-02 Manchester City-Fulham,2023-09-02,Manchester City,Fulham,Michael Oliver,2.0,0.3333333333333333,0.3333333333333333,1.0,1.6666666666666667,0.3333333333333333,4.0,5.0,1.0,6.0,True,6.0
2023-09-02 Brentford-Bournemouth,2023-09-02,Brentford,Bournemouth,Robert Madley,2.0,1.0,0.6666666666666666,0.6666666666666666,2.0,0.6666666666666666,4.355263157894737,2.0,2.0,4.0,True,3.0
2023-09-02 Sheffield United-Everton,2023-09-02,Sheffield United,Everton,Andy Madley,0.6666666666666666,1.6666666666666667,0.6666666666666666,0.0,2.0,0.0,9.0,2.0,2.0,4.0,True,3.0
2023-09-02 Burnley-Tottenham Hotspur,2023-09-02,Burnley,Tottenham Hotspur,Darren England,0.5,3.0,0.5,2.0,0.6666666666666666,0.3333333333333333,4.355263157894737,2.0,5.0,7.0,True,7.0
2023-09-03 Crystal Palace-Wolves,2023-09-03,Crystal Palace,Wolves,Robert Jones,0.6666666666666666,0.6666666666666666,0.3333333333333333,0.6666666666666666,1.6666666666666667,0.3333333333333333,5.333333333333333,3.0,2.0,5.0,True,4.0
2023-09-03 Liverpool-Aston Villa,2023-09-03,Liverpool,Aston Villa,Simon Hooper,2.0,1.0,1.0,2.6666666666666665,2.0,0.6666666666666666,5.0,3.0,0.0,3.0,False,1.0
2023-09-03 Arsenal-Manchester Utd,2023-09-03,Arsenal,Manchester Utd,Anthony Taylor,1.6666666666666667,1.0,0.6666666666666666,1.3333333333333333,1.3333333333333333,0.3333333333333333,5.666666666666667,3.0,1.0,4.0,True,5.0
2023-09-16 West Ham United-Manchester City,2023-09-16,West Ham United,Manchester City,Andy Madley,2.25,1.0,1.0,2.75,0.5,0.5,7.0,1.0,3.0,4.0,True,5.0
2023-09-16 Wolves-Liverpool,2023-09-16,Wolves,Liverpool,Michael Oliver,1.0,2.0,0.5,2.25,0.75,0.75,4.666666666666667,1.0,3.0,4.0,True,4.0
2023-09-16 Aston Villa-Crystal Palace,2023-09-16,Aston Villa,Crystal Palace,Darren England,2.0,2.25,0.5,1.25,1.0,0.5,7.0,3.0,1.0,4.0,True,8.0
2023-09-16 Fulham-Luton Town,2023-09-16,Fulham,Luton Town,Michael Salisbury,1.0,2.5,0.5,0.6666666666666666,3.0,0.6666666666666666,2.0,1.0,0.0,1.0,False,4.0
2023-09-16 Manchester Utd-Brighton,2023-09-16,Manchester Utd,Brighton,Jarred Gillett,1.25,1.75,0.5,3.0,1.5,1.0,4.0,1.0,3.0,4.0,True,4.0
2023-09-16 Tottenham Hotspur-Sheffield United,2023-09-16,Tottenham Hotspur,Sheffield United,Peter Bankes,2.75,1.0,0.5,1.0,1.75,0.75,3.3333333333333335,2.0,1.0,3.0,True,12.0
2023-09-16 Newcastle United-Brentford,2023-09-16,Newcastle United,Brentford,Craig Pawson,1.75,1.75,0.75,2.0,1.25,0.75,4.0,1.0,0.0,1.0,False,8.0
2023-09-17 Bournemouth-Chelsea,2023-09-17,Bournemouth,Chelsea,David Coote,1.0,2.0,0.75,1.25,1.25,0.5,4.0,0.0,0.0,0.0,False,6.0
2023-09-17 Everton-Arsenal,2023-09-17,Everton,Arsenal,Simon Hooper,0.5,2.0,0.25,2.0,1.0,0.75,3.0,0.0,1.0,1.0,False,2.0
2023-09-18 Nottingham Forest-Burnley,2023-09-18,Nottingham Forest,Burnley,Robert Jones,1.5,1.5,0.75,1.0,3.6666666666666665,0.6666666666666666,5.0,1.0,1.0,2.0,True,6.0
2023-09-23 Crystal Palace-Fulham,2023-09-23,Crystal Palace,Fulham,Paul Tierney,1.2,1.4,0.6,1.0,2.0,0.4,3.5,0.0,0.0,0.0,False,5.0
2023-09-23 Luton Town-Wolves,2023-09-23,Luton Town,Wolves,Joshua Smith,0.5,2.5,0.5,1.0,2.2,0.6,4.355263157894737,1.0,1.0,2.0,True,3.0
2023-09-23 Manchester City-Nottingham Forest,2023-09-23,Manchester City,Nottingham Forest,Anthony Taylor,2.8,0.6,0.6,1.4,1.4,0.8,5.5,2.0,0.0,2.0,False,11.0
2023-09-23 Brentford-Everton,2023-09-23,Brentford,Everton,Michael Oliver,1.6,1.2,0.6,0.4,1.8,0.2,4.5,1.0,3.0,4.0,True,4.0
2023-09-23 Burnley-Manchester Utd,2023-09-23,Burnley,Manchester Utd,Tony Harrington,1.0,3.0,0.75,1.2,2.0,0.6,4.355263157894737,0.0,1.0,1.0,False,3.0
2023-09-24 Arsenal-Tottenham Hotspur,2023-09-24,Arsenal,Tottenham Hotspur,Robert Jones,1.8,0.8,0.6,2.6,1.0,0.6,5.2,2.0,2.0,4.0,True,7.0
2023-09-24 Brighton-Bournemouth,2023-09-24,Brighton,Bournemouth,John Brooks,3.0,1.4,1.0,0.8,1.6,0.6,4.333333333333333,3.0,1.0,4.0,True,6.0
2023-09-24 Chelsea-Aston Villa,2023-09-24,Chelsea,Aston Villa,Jarred Gillett,1.0,1.0,0.4,2.2,2.0,0.6,4.0,0.0,1.0,1.0,False,6.0
2023-09-24 Liverpool-West Ham United,2023-09-24,Liverpool,West Ham United,Chris Kavanagh,2.4,0.8,0.8,2.0,1.4,1.0,4.355263157894737,3.0,1.0,4.0,True,2.0
2023-09-24 Sheffield United-Newcastle United,2023-09-24,Sheffield United,Newcastle United,Stuart Attwell,1.0,1.8,0.8,1.6,1.4,0.6,6.333333333333333,0.0,8.0,8.0,False,4.0
2023-09-30 Tottenham Hotspur-Liverpool,2023-09-30,Tottenham Hotspur,Liverpool,Simon Hooper,2.5,1.1666666666666667,0.6666666666666666,2.5,0.8333333333333334,0.8333333333333334,2.6666666666666665,2.0,1.0,3.0,True,11.0
2023-09-30 Wolves-Manchester City,2023-09-30,Wolves,Manchester City,Craig Pawson,1.0,2.0,0.6666666666666666,2.6666666666666665,0.5,0.5,5.333333333333333,2.0,1.0,3.0,True,9.0
2023-09-30 West Ham United-Sheffield United,2023-09-30,West Ham United,Sheffield United,Graham Scott,1.8333333333333333,1.6666666666666667,1.0,0.8333333333333334,2.8333333333333335,0.6666666666666666,4.355263157894737,2.0,0.0,2.0,False,2.0
2023-09-30 Newcastle United-Burnley,2023-09-30,Newcastle United,Burnley,Thomas Bramall,2.6666666666666665,1.1666666666666667,0.5,0.8,2.6,0.6,5.0,2.0,0.0,2.0,False,4.0
2023-09-30 Bournemouth-Arsenal,2023-09-30,Bournemouth,Arsenal,Michael Salisbury,0.8333333333333334,1.8333333333333333,0.6666666666666666,1.8333333333333333,1.0,0.6666666666666666,3.0,0.0,4.0,4.0,False,1.0
2023-09-30 Everton-Luton Town,2023-09-30,Everton,Luton Town,Anthony Taylor,0.8333333333333334,1.6666666666666667,0.3333333333333333,0.6,2.2,0.6,6.6,1.0,2.0,3.0,True,1.0
2023-09-30 Aston Villa-Brighton,2023-09-30,Aston Villa,Brighton,Andy Madley,2.0,1.6666666666666667,0.5,3.0,1.3333333333333333,1.0,6.5,6.0,1.0,7.0,True,8.0
2023-09-30 Manchester Utd-Crystal Palace,2023-09-30,Manchester Utd,Crystal Palace,Chris Kavanagh,1.1666666666666667,1.6666666666666667,0.5,1.0,1.1666666666666667,0.5,2.0,0.0,1.0,1.0,False,5.0
2023-10-01 Nottingham Forest-Brentford,2023-10-01,Nottingham Forest,Brentford,Paul Tierney,1.1666666666666667,1.5,0.6666666666666666,1.5,1.5,0.6666666666666666,4.0,1.0,1.0,2.0,True,4.0
2023-10-02 Fulham-Chelsea,2023-10-02,Fulham,Chelsea,Tim Robinson,0.8333333333333334,1.6666666666666667,0.3333333333333333,0.8333333333333334,1.0,0.3333333333333333,5.5,0.0,2.0,2.0,False,5.0
2023-10-03 Luton Town-Burnley,2023-10-03,Luton Town,Burnley,Peter Bankes,0.8333333333333334,2.0,0.6666666666666666,0.6666666666666666,2.5,0.5,5.5,1.0,2.0,3.0,True,6.0
2023-10-07 Manchester Utd-Brentford,2023-10-07,Manchester Utd,Brentford,Andy Madley,1.0,1.5714285714285714,0.42857142857142855,1.4285714285714286,1.4285714285714286,0.7142857142857143,6.8,2.0,1.0,3.0,True,5.0
2023-10-07 Crystal Palace-Nottingham Forest,2023-10-07,Crystal Palace,Nottingham Forest,Craig Pawson,1.0,1.0,0.42857142857142855,1.1428571428571428,1.4285714285714286,0.7142857142857143,6.25,0.0,0.0,0.0,False,1.0
2023-10-07 Fulham-Sheffield United,2023-10-07,Fulham,Sheffield United,Samuel Barrott,0.7142857142857143,1.7142857142857142,0.2857142857142857,0.7142857142857143,2.7142857142857144,0.5714285714285714,4.355263157894737,3.0,1.0,4.0,True,3.0
2023-10-07 Everton-Bournemouth,2023-10-07,Everton,Bournemouth,David Coote,0.8571428571428571,1.7142857142857142,0.42857142857142855,0.7142857142857143,2.142857142857143,0.5714285714285714,4.666666666666667,3.0,0.0,3.0,False,3.0
2023-10-07 Burnley-Chelsea,2023-10-07,Burnley,Chelsea,Stuart Attwell,0.8571428571428571,2.2857142857142856,0.5714285714285714,1.0,0.8571428571428571,0.2857142857142857,5.75,1.0,4.0,5.0,True,6.0
2023-10-07 Luton Town-Tottenham Hotspur,2023-10-07,Luton Town,Tottenham Hotspur,John Brooks,0.8571428571428571,2.0,0.7142857142857143,2.4285714285714284,1.1428571428571428,0.7142857142857143,4.75,0.0,1.0,1.0,False,4.0
2023-10-08 Brighton-Liverpool,2023-10-08,Brighton,Liverpool,Anthony Taylor,2.7142857142857144,2.0,1.0,2.2857142857142856,1.0,0.8571428571428571,5.666666666666667,2.0,2.0,4.0,True,3.0
2023-10-08 West Ham United-Newcastle United,2023-10-08,West Ham United,Newcastle United,Peter Bankes,1.8571428571428572,1.4285714285714286,0.8571428571428571,2.5714285714285716,1.0,0.42857142857142855,5.6,2.0,2.0,4.0,True,6.0
2023-10-08 Wolves-Aston Villa,2023-10-08,Wolves,Aston Villa,Robert Jones,1.1428571428571428,1.8571428571428572,0.7142857142857143,2.5714285714285716,1.5714285714285714,0.5714285714285714,5.5,1.0,1.0,2.0,True,5.0
2023-10-08 Arsenal-Manchester City,2023-10-08,Arsenal,Manchester City,Michael Oliver,2.142857142857143,0.8571428571428571,0.5714285714285714,2.4285714285714284,0.7142857142857143,0.5714285714285714,4.4,1.0,0.0,1.0,False,5.0
2023-10-21 Sheffield United-Manchester Utd,2023-10-21,Sheffield United,Manchester Utd,Michael Oliver,0.75,2.75,0.625,1.125,1.5,0.5,4.5,1.0,2.0,3.0,True,4.0
2023-10-21 Chelsea-Arsenal,2023-10-21,Chelsea,Arsenal,Chris Kavanagh,1.375,0.875,0.375,2.0,0.75,0.5,3.5,2.0,2.0,4.0,True,6.0
2023-10-21 Newcastle United-Crystal Palace,2023-10-21,Newcastle United,Crystal Palace,Tim Robinson,2.5,1.125,0.5,0.875,0.875,0.375,5.333333333333333,4.0,0.0,4.0,False,5.0
2023-10-21 Nottingham Forest-Luton Town,2023-10-21,Nottingham Forest,Luton Town,Samuel Barrott,1.0,1.25,0.625,0.75,1.875,0.625,3.0,2.0,2.0,4.0,True,3.0
2023-10-21 Brentford-Burnley,2023-10-21,Brentford,Burnley,Joshua Smith,1.375,1.5,0.75,0.875,2.5,0.625,3.0,3.0,0.0,3.0,False,8.0
2023-10-21 Bournemouth-Wolves,2023-10-21,Bournemouth,Wolves,Paul Tierney,0.625,2.25,0.5,1.125,1.75,0.75,4.0,1.0,2.0,3.0,True,9.0
2023-10-21 Liverpool-Everton,2023-10-21,Liverpool,Everton,Craig Pawson,2.25,1.125,0.875,1.125,1.5,0.375,5.2,2.0,0.0,2.0,False,3.0
2023-10-21 Manchester City-Brighton,2023-10-21,Manchester City,Brighton,Robert Jones,2.125,0.75,0.5,2.625,2.0,1.0,5.428571428571429,2.0,1.0,3.0,True,5.0
2023-10-22 Aston Villa-West Ham United,2023-10-22,Aston Villa,West Ham United,David Coote,2.375,1.5,0.625,1.875,1.5,0.875,4.25,4.0,1.0,5.0,True,1.0
2023-10-23 Tottenham Hotspur-Fulham,2023-10-23,Tottenham Hotspur,Fulham,Anthony Taylor,2.25,1.0,0.625,1.0,1.625,0.375,5.285714285714286,2.0,0.0,2.0,False,2.0
2023-10-27 Crystal Palace-Tottenham Hotspur,2023-10-27,Crystal Palace,Tottenham Hotspur,Andy Madley,0.7777777777777778,1.2222222222222223,0.3333333333333333,2.2222222222222223,0.8888888888888888,0.5555555555555556,6.5,1.0,2.0,3.0,True,3.0
2023-10-28 Chelsea-Brentford,2023-10-28,Chelsea,Brentford,Simon Hooper,1.4444444444444444,1.0,0.4444444444444444,1.5555555555555556,1.3333333333333333,0.6666666666666666,4.75,0.0,2.0,2.0,False,5.0
2023-10-28 Arsenal-Sheffield United,2023-10-28,Arsenal,Sheffield United,Tim Robinson,2.0,0.8888888888888888,0.5555555555555556,0.7777777777777778,2.6666666666666665,0.6666666666666666,5.25,5.0,0.0,5.0,False,3.0
2023-10-28 Bournemouth-Burnley,2023-10-28,Bournemouth,Burnley,Samuel Barrott,0.6666666666666666,2.2222222222222223,0.5555555555555556,0.7777777777777778,2.5555555555555554,0.5555555555555556,3.0,2.0,1.0,3.0,True,5.0
2023-10-28 Wolves-Newcastle United,2023-10-28,Wolves,Newcastle United,Anthony Taylor,1.2222222222222223,1.6666666666666667,0.7777777777777778,2.6666666666666665,1.0,0.4444444444444444,4.875,2.0,2.0,4.0,True,5.0
2023-10-29 Manchester Utd-Manchester City,2023-10-29,Manchester Utd,Manchester City,Paul Tierney,1.2222222222222223,1.4444444444444444,0.5555555555555556,2.111111111111111,0.7777777777777778,0.5555555555555556,5.0,0.0,3.0,3.0,False,5.0
2023-10-29 Liverpool-Nottingham Forest,2023-10-29,Liverpool,Nottingham Forest,Chris Kavanagh,2.2222222222222223,1.0,0.7777777777777778,1.1111111111111112,1.3333333333333333,0.6666666666666666,4.333333333333333,3.0,0.0,3.0,False,5.0
2023-10-29 West Ham United-Everton,2023-10-29,West Ham United,Everton,Stuart Attwell,1.7777777777777777,1.7777777777777777,0.8888888888888888,1.0,1.5555555555555556,0.3333333333333333,5.8,0.0,1.0,1.0,False,5.0
2023-10-29 Aston Villa-Luton Town,2023-10-29,Aston Villa,Luton Town,John Brooks,2.5555555555555554,1.4444444444444444,0.6666666666666666,0.8888888888888888,1.8888888888888888,0.6666666666666666,4.6,3.0,1.0,4.0,True,5.0
2023-10-29 Brighton-Fulham,2023-10-29,Brighton,Fulham,Michael Salisbury,2.4444444444444446,2.0,1.0,0.8888888888888888,1.6666666666666667,0.3333333333333333,2.3333333333333335,1.0,1.0,2.0,True,3.0
2023-11-04 Fulham-Manchester Utd,2023-11-04,Fulham,Manchester Utd,John Brooks,0.9,1.6,0.4,1.1,1.6,0.5,4.666666666666667,0.0,1.0,1.0,False,7.0
2023-11-04 Brentford-West Ham United,2023-11-04,Brentford,West Ham United,Thomas Bramall,1.6,1.2,0.6,1.6,1.7,0.8,4.5,3.0,2.0,5.0,True,5.0
2023-11-04 Burnley-Crystal Palace,2023-11-04,Burnley,Crystal Palace,Peter Bankes,0.8,2.5,0.6,0.8,1.3,0.4,5.666666666666667,0.0,2.0,2.0,False,5.0
2023-11-04 Everton-Brighton,2023-11-04,Everton,Brighton,Tim Robinson,1.0,1.4,0.3,2.3,1.9,1.0,4.8,1.0,1.0,2.0,True,6.0
2023-11-04 Manchester City-Bournemouth,2023-11-04,Manchester City,Bournemouth,Craig Pawson,2.2,0.7,0.5,0.8,2.1,0.6,4.833333333333333,6.0,1.0,7.0,True,1.0
2023-11-04 Sheffield United-Wolves,2023-11-04,Sheffield United,Wolves,Robert Jones,0.7,2.9,0.6,1.3,1.7,0.8,5.375,2.0,1.0,3.0,True,5.0
2023-11-04 Newcastle United-Arsenal,2023-11-04,Newcastle United,Arsenal,Stuart Attwell,2.6,1.1,0.5,2.3,0.8,0.5,5.666666666666667,1.0,0.0,1.0,False,6.0
2023-11-05 Nottingham Forest-Aston Villa,2023-11-05,Nottingham Forest,Aston Villa,Jarred Gillett,1.0,1.5,0.6,2.6,1.4,0.7,4.666666666666667,2.0,0.0,2.0,False,2.0
2023-11-05 Luton Town-Liverpool,2023-11-05,Luton Town,Liverpool,Andy Madley,0.9,2.0,0.7,2.3,0.9,0.7,6.0,1.0,1.0,2.0,True,2.0
2023-11-06 Tottenham Hotspur-Chelsea,2023-11-06,Tottenham Hotspur,Chelsea,Michael Oliver,2.2,0.9,0.6,1.3,1.1,0.4,4.428571428571429,1.0,4.0,5.0,True,8.0
2023-11-11 Bournemouth-Newcastle United,2023-11-11,Bournemouth,Newcastle United,Chris Kavanagh,0.8181818181818182,2.4545454545454546,0.6363636363636364,2.4545454545454546,1.0,0.45454545454545453,4.5,2.0,0.0,2.0,False,3.0
2023-11-11 Manchester Utd-Luton Town,2023-11-11,Manchester Utd,Luton Town,Graham Scott,1.0909090909090908,1.4545454545454546,0.45454545454545453,0.9090909090909091,1.9090909090909092,0.7272727272727273,2.0,1.0,0.0,1.0,False,2.0
2023-11-11 Arsenal-Burnley,2023-11-11,Arsenal,Burnley,Michael Oliver,2.090909090909091,0.8181818181818182,0.45454545454545453,0.7272727272727273,2.4545454545454546,0.5454545454545454,4.875,3.0,1.0,4.0,True,2.0
2023-11-11 Wolves-Tottenham Hotspur,2023-11-11,Wolves,Tottenham Hotspur,Tim Robinson,1.2727272727272727,1.7272727272727273,0.8181818181818182,2.090909090909091,1.1818181818181819,0.6363636363636364,5.0,2.0,1.0,3.0,True,7.0
2023-11-11 Crystal Palace-Everton,2023-11-11,Crystal Palace,Everton,Samuel Barrott,0.9090909090909091,1.1818181818181819,0.36363636363636365,1.0,1.3636363636363635,0.36363636363636365,3.6666666666666665,2.0,3.0,5.0,True,5.0
2023-11-12 Aston Villa-Fulham,2023-11-12,Aston Villa,Fulham,Simon Hooper,2.3636363636363638,1.4545454545454546,0.6363636363636364,0.8181818181818182,1.5454545454545454,0.36363636363636365,4.8,3.0,1.0,4.0,True,7.0
2023-11-12 Brighton-Sheffield United,2023-11-12,Brighton,Sheffield United,John Brooks,2.1818181818181817,1.8181818181818181,1.0,0.8181818181818182,2.727272727272727,0.6363636363636364,5.0,1.0,1.0,2.0,True,6.0
2023-11-12 Liverpool-Brentford,2023-11-12,Liverpool,Brentford,Paul Tierney,2.1818181818181817,0.9090909090909091,0.7272727272727273,1.7272727272727273,1.2727272727272727,0.6363636363636364,5.0,3.0,0.0,3.0,False,3.0
2023-11-12 West Ham United-Nottingham Forest,2023-11-12,West Ham United,Nottingham Forest,Michael Salisbury,1.6363636363636365,1.8181818181818181,0.8181818181818182,1.0909090909090908,1.3636363636363635,0.5454545454545454,2.5,3.0,2.0,5.0,True,4.0
2023-11-12 Chelsea-Manchester City,2023-11-12,Chelsea,Manchester City,Anthony Taylor,1.5454545454545454,1.0909090909090908,0.45454545454545453,2.5454545454545454,0.7272727272727273,0.5454545454545454,4.888888888888889,4.0,4.0,8.0,True,8.0
2023-11-25 Sheffield United-Bournemouth,2023-11-25,Sheffield United,Bournemouth,Andy Madley,0.8333333333333334,2.5833333333333335,0.6666666666666666,0.9166666666666666,2.25,0.5833333333333334,5.5,1.0,3.0,4.0,True,5.0
2023-11-25 Brentford-Arsenal,2023-11-25,Brentford,Arsenal,Tim Robinson,1.5833333333333333,1.4166666666666667,0.5833333333333334,2.1666666666666665,0.8333333333333334,0.5,5.285714285714286,0.0,1.0,1.0,False,2.0
2023-11-25 Nottingham Forest-Brighton,2023-11-25,Nottingham Forest,Brighton,Anthony Taylor,1.1666666666666667,1.5,0.5833333333333334,2.0833333333333335,1.75,1.0,5.2,2.0,3.0,5.0,True,8.0
2023-11-25 Luton Town-Crystal Palace,2023-11-25,Luton Town,Crystal Palace,Jarred Gillett,0.8333333333333334,1.8333333333333333,0.6666666666666666,1.0,1.3333333333333333,0.4166666666666667,4.0,2.0,1.0,3.0,True,7.0
2023-11-25 Burnley-West Ham United,2023-11-25,Burnley,West Ham United,Samuel Barrott,0.75,2.5,0.5833333333333334,1.75,1.8333333333333333,0.8333333333333334,4.0,1.0,2.0,3.0,True,4.0
2023-11-25 Newcastle United-Chelsea,2023-11-25,Newcastle United,Chelsea,Simon Hooper,2.25,1.0833333333333333,0.4166666666666667,1.75,1.3333333333333333,0.5,5.166666666666667,4.0,1.0,5.0,True,9.0
2023-11-25 Manchester City-Liverpool,2023-11-25,Manchester City,Liverpool,Chris Kavanagh,2.6666666666666665,1.0,0.5833333333333334,2.25,0.8333333333333334,0.6666666666666666,4.2,1.0,1.0,2.0,True,4.0
2023-11-26 Tottenham Hotspur-Aston Villa,2023-11-26,Tottenham Hotspur,Aston Villa,Robert Jones,2.0,1.25,0.6666666666666666,2.4166666666666665,1.4166666666666667,0.6666666666666666,5.333333333333333,1.0,2.0,3.0,True,4.0
2023-11-26 Everton-Manchester Utd,2023-11-26,Everton,Manchester Utd,John Brooks,1.1666666666666667,1.4166666666666667,0.4166666666666667,1.0833333333333333,1.3333333333333333,0.4166666666666667,5.125,0.0,3.0,3.0,False,3.0
2023-11-27 Fulham-Wolves,2023-11-27,Fulham,Wolves,Michael Salisbury,0.8333333333333334,1.6666666666666667,0.4166666666666667,1.3333333333333333,1.6666666666666667,0.8333333333333334,2.8,3.0,2.0,5.0,True,4.0
2023-12-02 Nottingham Forest-Everton,2023-12-02,Nottingham Forest,Everton,Paul Tierney,1.2307692307692308,1.6153846153846154,0.6153846153846154,1.0769230769230769,1.5384615384615385,0.38461538461538464,4.714285714285714,0.0,1.0,1.0,False,1.0
2023-12-02 Burnley-Sheffield United,2023-12-02,Burnley,Sheffield United,Chris Kavanagh,0.7692307692307693,2.4615384615384617,0.6153846153846154,0.8461538461538461,2.6153846153846154,0.6923076923076923,4.166666666666667,5.0,0.0,5.0,False,8.0
2023-12-02 Newcastle United-Manchester Utd,2023-12-02,Newcastle United,Manchester Utd,Robert Jones,2.3846153846153846,1.0769230769230769,0.46153846153846156,1.2307692307692308,1.2307692307692308,0.38461538461538464,5.2,1.0,0.0,1.0,False,3.0
2023-12-02 Arsenal-Wolves,2023-12-02,Arsenal,Wolves,Peter Bankes,2.076923076923077,0.7692307692307693,0.46153846153846156,1.3846153846153846,1.7692307692307692,0.8461538461538461,5.571428571428571,2.0,1.0,3.0,True,3.0
2023-12-02 Brentford-Luton Town,2023-12-02,Brentford,Luton Town,Anthony Taylor,1.4615384615384615,1.3846153846153846,0.5384615384615384,0.9230769230769231,1.7692307692307692,0.6923076923076923,5.454545454545454,3.0,1.0,4.0,True,3.0
2023-12-03 Bournemouth-Aston Villa,2023-12-03,Bournemouth,Aston Villa,Thomas Bramall,1.0769230769230769,2.1538461538461537,0.6153846153846154,2.3846153846153846,1.3846153846153846,0.6923076923076923,4.666666666666667,2.0,2.0,4.0,True,8.0
2023-12-03 Chelsea-Brighton,2023-12-03,Chelsea,Brighton,Craig Pawson,1.6923076923076923,1.5384615384615385,0.5384615384615384,2.1538461538461537,1.7692307692307692,1.0,4.285714285714286,3.0,2.0,5.0,True,9.0
2023-12-03 Liverpool-Fulham,2023-12-03,Liverpool,Fulham,Stuart Attwell,2.1538461538461537,0.8461538461538461,0.6923076923076923,1.0,1.6923076923076923,0.46153846153846156,5.714285714285714,4.0,3.0,7.0,True,0.0
2023-12-03 West Ham United-Crystal Palace,2023-12-03,West Ham United,Crystal Palace,Michael Oliver,1.7692307692307692,1.7692307692307692,0.8461538461538461,1.0,1.3846153846153846,0.46153846153846156,4.555555555555555,1.0,1.0,2.0,True,2.0
2023-12-03 Manchester City-Tottenham Hotspur,2023-12-03,Manchester City,Tottenham Hotspur,Simon Hooper,2.5384615384615383,1.0,0.6153846153846154,1.9230769230769231,1.3076923076923077,0.6923076923076923,5.714285714285714,3.0,3.0,6.0,True,8.0
2023-12-05 Wolves-Burnley,2023-12-05,Wolves,Burnley,Jarred Gillett,1.3571428571428572,1.7857142857142858,0.8571428571428571,1.0714285714285714,2.2857142857142856,0.5714285714285714,4.6,1.0,0.0,1.0,False,6.0
2023-12-05 Luton Town-Arsenal,2023-12-05,Luton Town,Arsenal,Samuel Barrott,0.9285714285714286,1.8571428571428572,0.7142857142857143,2.0714285714285716,0.7857142857142857,0.5,4.0,3.0,4.0,7.0,True,3.0
2023-12-06 Sheffield United-Liverpool,2023-12-06,Sheffield United,Liverpool,Simon Hooper,0.7857142857142857,2.7857142857142856,0.6428571428571429,2.2857142857142856,1.0,0.7142857142857143,6.0,0.0,2.0,2.0,False,5.0
2023-12-06 Aston Villa-Manchester City,2023-12-06,Aston Villa,Manchester City,John Brooks,2.357142857142857,1.4285714285714286,0.7142857142857143,2.5714285714285716,1.1428571428571428,0.6428571428571429,4.888888888888889,1.0,0.0,1.0,False,4.0
2023-12-06 Manchester Utd-Chelsea,2023-12-06,Manchester Utd,Chelsea,Chris Kavanagh,1.1428571428571428,1.2142857142857142,0.35714285714285715,1.7857142857142858,1.5714285714285714,0.5714285714285714,4.714285714285714,2.0,1.0,3.0,True,4.0
2023-12-06 Fulham-Nottingham Forest,2023-12-06,Fulham,Nottingham Forest,Joshua Smith,1.1428571428571428,1.8571428571428572,0.5,1.1428571428571428,1.5714285714285714,0.5714285714285714,5.5,5.0,0.0,5.0,False,1.0
2023-12-06 Brighton-Brentford,2023-12-06,Brighton,Brentford,Peter Bankes,2.142857142857143,1.8571428571428572,1.0,1.5714285714285714,1.3571428571428572,0.5714285714285714,5.25,2.0,1.0,3.0,True,4.0
2023-12-06 Crystal Palace-Bournemouth,2023-12-06,Crystal Palace,Bournemouth,Craig Pawson,1.0,1.3571428571428572,0.5,1.1428571428571428,2.142857142857143,0.6428571428571429,4.875,0.0,2.0,2.0,False,4.0
2023-12-07 Everton-Newcastle United,2023-12-07,Everton,Newcastle United,Tim Robinson,1.0714285714285714,1.4285714285714286,0.35714285714285715,2.2857142857142856,1.0,0.42857142857142855,4.875,3.0,0.0,3.0,False,3.0
2023-12-07 Tottenham Hotspur-West Ham United,2023-12-07,Tottenham Hotspur,West Ham United,Michael Salisbury,2.0,1.4285714285714286,0.7142857142857143,1.7142857142857142,1.7142857142857142,0.8571428571428571,3.0,1.0,2.0,3.0,True,6.0
2023-12-09 Wolves-Nottingham Forest,2023-12-09,Wolves,Nottingham Forest,Samuel Barrott,1.3333333333333333,1.6666666666666667,0.8,1.0666666666666667,1.8,0.5333333333333333,3.8333333333333335,1.0,1.0,2.0,True,1.0
2023-12-09 Sheffield United-Brentford,2023-12-09,Sheffield United,Brentford,Stuart Attwell,0.7333333333333333,2.7333333333333334,0.6,1.5333333333333334,1.4,0.6,5.0,1.0,0.0,1.0,False,6.0
2023-12-09 Aston Villa-Arsenal,2023-12-09,Aston Villa,Arsenal,Jarred Gillett,2.2666666666666666,1.3333333333333333,0.6666666666666666,2.2,0.9333333333333333,0.5333333333333333,4.833333333333333,1.0,0.0,1.0,False,6.0
2023-12-09 Brighton-Burnley,2023-12-09,Brighton,Burnley,Simon Hooper,2.1333333333333333,1.8,1.0,1.0,2.2,0.5333333333333333,5.888888888888889,1.0,1.0,2.0,True,4.0
2023-12-09 Crystal Palace-Liverpool,2023-12-09,Crystal Palace,Liverpool,Andy Madley,0.9333333333333333,1.4,0.4666666666666667,2.2666666666666666,0.9333333333333333,0.6666666666666666,5.444444444444445,1.0,2.0,3.0,True,8.0
2023-12-09 Manchester Utd-Bournemouth,2023-12-09,Manchester Utd,Bournemouth,Peter Bankes,1.2,1.2,0.4,1.2,2.0,0.6,5.111111111111111,0.0,3.0,3.0,False,4.0
2023-12-10 Everton-Chelsea,2023-12-10,Everton,Chelsea,Michael Oliver,1.2,1.3333333333333333,0.3333333333333333,1.7333333333333334,1.6,0.6,4.3,2.0,0.0,2.0,False,4.0
2023-12-10 Fulham-West Ham United,2023-12-10,Fulham,West Ham United,Paul Tierney,1.4,1.7333333333333334,0.4666666666666667,1.7333333333333334,1.6666666666666667,0.8666666666666667,4.25,5.0,0.0,5.0,False,3.0
2023-12-10 Luton Town-Manchester City,2023-12-10,Luton Town,Manchester City,Tim Robinson,1.0666666666666667,2.0,0.7333333333333333,2.4,1.1333333333333333,0.6,4.666666666666667,1.0,2.0,3.0,True,3.0
2023-12-10 Tottenham Hotspur-Newcastle United,2023-12-10,Tottenham Hotspur,Newcastle United,Chris Kavanagh,1.9333333333333333,1.4666666666666666,0.7333333333333333,2.1333333333333333,1.1333333333333333,0.4,4.625,4.0,1.0,5.0,True,4.0
2023-12-15 Nottingham Forest-Tottenham Hotspur,2023-12-15,Nottingham Forest,Tottenham Hotspur,Jarred Gillett,1.0625,1.75,0.5625,2.0625,1.4375,0.75,5.0,0.0,2.0,2.0,False,7.0
2023-12-16 Burnley-Everton,2023-12-16,Burnley,Everton,Anthony Taylor,1.0,2.125,0.5625,1.25,1.25,0.3125,5.25,0.0,2.0,2.0,False,1.0
2023-12-16 Chelsea-Sheffield United,2023-12-16,Chelsea,Sheffield United,Andy Madley,1.625,1.625,0.5625,0.75,2.5625,0.5625,5.7,2.0,0.0,2.0,False,4.0
2023-12-16 Manchester City-Crystal Palace,2023-12-16,Manchester City,Crystal Palace,Paul Tierney,2.375,1.125,0.625,0.9375,1.4375,0.5,4.111111111111111,2.0,2.0,4.0,True,2.0
2023-12-16 Newcastle United-Fulham,2023-12-16,Newcastle United,Fulham,Samuel Barrott,2.0625,1.3125,0.4375,1.625,1.625,0.4375,3.4285714285714284,3.0,0.0,3.0,False,3.0
2023-12-17 West Ham United-Wolves,2023-12-17,West Ham United,Wolves,Chris Kavanagh,1.625,1.875,0.8125,1.3125,1.625,0.8125,4.555555555555555,3.0,0.0,3.0,False,4.0
2023-12-17 Liverpool-Manchester Utd,2023-12-17,Liverpool,Manchester Utd,Michael Oliver,2.25,0.9375,0.6875,1.125,1.3125,0.375,4.2727272727272725,0.0,0.0,0.0,False,7.0
2023-12-17 Arsenal-Brighton,2023-12-17,Arsenal,Brighton,Tim Robinson,2.0625,0.9375,0.5,2.0625,1.75,1.0,4.5,2.0,0.0,2.0,False,4.0
2023-12-17 Brentford-Aston Villa,2023-12-17,Brentford,Aston Villa,David Coote,1.4375,1.375,0.5625,2.1875,1.25,0.625,3.6,1.0,2.0,3.0,True,12.0
2023-12-21 Crystal Palace-Brighton,2023-12-21,Crystal Palace,Brighton,John Brooks,1.0,1.4705882352941178,0.5294117647058824,1.9411764705882353,1.7647058823529411,0.9411764705882353,4.8,1.0,1.0,2.0,True,7.0
2023-12-22 Aston Villa-Sheffield United,2023-12-22,Aston Villa,Sheffield United,Anthony Taylor,2.176470588235294,1.2352941176470589,0.6470588235294118,0.7058823529411765,2.5294117647058822,0.5294117647058824,4.923076923076923,1.0,1.0,2.0,True,6.0
2023-12-23 West Ham United-Manchester Utd,2023-12-23,West Ham United,Manchester Utd,Simon Hooper,1.7058823529411764,1.7647058823529411,0.7647058823529411,1.0588235294117647,1.2352941176470589,0.35294117647058826,5.7,2.0,0.0,2.0,False,5.0
2023-12-23 Fulham-Burnley,2023-12-23,Fulham,Burnley,Rebecca Welch,1.5294117647058822,1.7058823529411764,0.4117647058823529,0.9411764705882353,2.1176470588235294,0.5294117647058824,4.355263157894737,0.0,2.0,2.0,False,3.0
2023-12-23 Luton Town-Newcastle United,2023-12-23,Luton Town,Newcastle United,Darren England,1.0625,2.0,0.75,2.1176470588235294,1.2352941176470589,0.4117647058823529,7.5,1.0,0.0,1.0,False,4.0
2023-12-23 Nottingham Forest-Bournemouth,2023-12-23,Nottingham Forest,Bournemouth,Robert Jones,1.0,1.7647058823529411,0.5294117647058824,1.3125,1.875,0.5625,5.0,2.0,3.0,5.0,True,4.0
2023-12-23 Tottenham Hotspur-Everton,2023-12-23,Tottenham Hotspur,Everton,Stuart Attwell,2.0588235294117645,1.3529411764705883,0.7058823529411765,1.2941176470588236,1.1764705882352942,0.29411764705882354,5.111111111111111,2.0,1.0,3.0,True,5.0
2023-12-23 Liverpool-Arsenal,2023-12-23,Liverpool,Arsenal,Chris Kavanagh,2.1176470588235294,0.8823529411764706,0.6470588235294118,2.0588235294117645,0.8823529411764706,0.47058823529411764,4.5,1.0,1.0,2.0,True,7.0
2023-12-24 Wolves-Chelsea,2023-12-24,Wolves,Chelsea,David Coote,1.2352941176470589,1.7058823529411764,0.7647058823529411,1.6470588235294117,1.5294117647058822,0.5294117647058824,5.0,2.0,1.0,3.0,True,9.0
2023-12-26 Manchester Utd-Aston Villa,2023-12-26,Manchester Utd,Aston Villa,Craig Pawson,1.0,1.2777777777777777,0.3333333333333333,2.111111111111111,1.2222222222222223,0.6666666666666666,4.777777777777778,3.0,2.0,5.0,True,4.0
2023-12-26 Burnley-Liverpool,2023-12-26,Burnley,Liverpool,Paul Tierney,1.0,2.0,0.5,2.0555555555555554,0.8888888888888888,0.6666666666666666,3.9,0.0,2.0,2.0,False,3.0
2023-12-26 Newcastle United-Nottingham Forest,2023-12-26,Newcastle United,Nottingham Forest,Chris Kavanagh,2.0,1.2222222222222223,0.3888888888888889,1.0555555555555556,1.8333333333333333,0.5555555555555556,4.7272727272727275,1.0,3.0,4.0,True,6.0
2023-12-26 Bournemouth-Fulham,2023-12-26,Bournemouth,Fulham,Tim Robinson,1.411764705882353,1.8823529411764706,0.5882352941176471,1.4444444444444444,1.7222222222222223,0.3888888888888889,4.454545454545454,3.0,0.0,3.0,False,2.0
2023-12-26 Sheffield United-Luton Town,2023-12-26,Sheffield United,Luton Town,Samuel Allison,0.7222222222222222,2.4444444444444446,0.5555555555555556,1.0588235294117647,1.8823529411764706,0.7058823529411765,4.355263157894737,2.0,3.0,5.0,True,5.0
2023-12-27 Brentford-Wolves,2023-12-27,Brentford,Wolves,Andy Madley,1.411764705882353,1.411764705882353,0.5882352941176471,1.2777777777777777,1.6666666666666667,0.7777777777777778,5.545454545454546,1.0,4.0,5.0,True,2.0
2023-12-27 Chelsea-Crystal Palace,2023-12-27,Chelsea,Crystal Palace,Michael Salisbury,1.6111111111111112,1.5555555555555556,0.5555555555555556,1.0,1.4444444444444444,0.5555555555555556,3.4285714285714284,2.0,1.0,3.0,True,5.0
2023-12-27 Everton-Manchester City,2023-12-27,Everton,Manchester City,John Brooks,1.2777777777777777,1.2222222222222223,0.3333333333333333,2.3529411764705883,1.1764705882352942,0.6470588235294118,5.0,1.0,3.0,4.0,True,6.0
2023-12-28 Brighton-Tottenham Hotspur,2023-12-28,Brighton,Tottenham Hotspur,Jarred Gillett,1.8888888888888888,1.7222222222222223,0.9444444444444444,2.0555555555555554,1.3333333333333333,0.7222222222222222,5.25,4.0,2.0,6.0,True,5.0
2023-12-28 Arsenal-West Ham United,2023-12-28,Arsenal,West Ham United,Michael Oliver,2.0,0.8888888888888888,0.5,1.7222222222222223,1.6666666666666667,0.7222222222222222,4.5,0.0,2.0,2.0,False,2.0
2023-12-30 Wolves-Everton,2023-12-30,Wolves,Everton,Thomas Bramall,1.4210526315789473,1.631578947368421,0.7894736842105263,1.263157894736842,1.3157894736842106,0.3684210526315789,5.5,3.0,0.0,3.0,False,5.0
2023-12-30 Nottingham Forest-Manchester Utd,2023-12-30,Nottingham Forest,Manchester Utd,Tim Robinson,1.1578947368421053,1.7894736842105263,0.5789473684210527,1.105263157894737,1.3157894736842106,0.3684210526315789,4.25,2.0,1.0,3.0,True,6.0
2023-12-30 Manchester City-Sheffield United,2023-12-30,Manchester City,Sheffield United,David Coote,2.388888888888889,1.1666666666666667,0.6666666666666666,0.7894736842105263,2.473684210526316,0.5789473684210527,5.571428571428571,2.0,0.0,2.0,False,2.0
2023-12-30 Aston Villa-Burnley,2023-12-30,Aston Villa,Burnley,Stuart Attwell,2.1052631578947367,1.3157894736842106,0.6842105263157895,0.9473684210526315,2.0,0.47368421052631576,5.1,3.0,2.0,5.0,True,6.0
2023-12-30 Crystal Palace-Brentford,2023-12-30,Crystal Palace,Brentford,Robert Jones,1.0,1.4736842105263157,0.5789473684210527,1.3888888888888888,1.5555555555555556,0.6111111111111112,4.916666666666667,3.0,1.0,4.0,True,1.0
2023-12-30 Luton Town-Chelsea,2023-12-30,Luton Town,Chelsea,Paul Tierney,1.1666666666666667,1.8888888888888888,0.7222222222222222,1.631578947368421,1.5263157894736843,0.5789473684210527,3.8181818181818183,2.0,3.0,5.0,True,4.0
2023-12-31 Fulham-Arsenal,2023-12-31,Fulham,Arsenal,Joshua Smith,1.368421052631579,1.7894736842105263,0.3684210526315789,1.894736842105263,0.9473684210526315,0.47368421052631576,4.0,2.0,1.0,3.0,True,5.0
2023-12-31 Tottenham Hotspur-Bournemouth,2023-12-31,Tottenham Hotspur,Bournemouth,Simon Hooper,2.0526315789473686,1.4736842105263157,0.7368421052631579,1.5,1.7777777777777777,0.5555555555555556,5.636363636363637,3.0,1.0,4.0,True,5.0
2024-01-01 Liverpool-Newcastle United,2024-01-01,Liverpool,Newcastle United,Anthony Taylor,2.0526315789473686,0.8421052631578947,0.631578947368421,1.9473684210526316,1.3157894736842106,0.42105263157894735,5.0,4.0,2.0,6.0,True,8.0
2024-01-02 West Ham United-Brighton,2024-01-02,West Ham United,Brighton,Samuel Barrott,1.736842105263158,1.5789473684210527,0.6842105263157895,2.0,1.736842105263158,0.9473684210526315,3.375,0.0,0.0,0.0,False,1.0
2024-01-12 Burnley-Luton Town,2024-01-12,Burnley,Luton Town,Tony Harrington,1.0,2.05,0.5,1.2105263157894737,1.9473684210526316,0.7368421052631579,3.0,1.0,1.0,2.0,True,1.0
2024-01-13 Chelsea-Fulham,2024-01-13,Chelsea,Fulham,Anthony Taylor,1.7,1.55,0.6,1.4,1.75,0.4,5.2,1.0,0.0,1.0,False,6.0
2024-01-13 Newcastle United-Manchester City,2024-01-13,Newcastle United,Manchester City,Chris Kavanagh,1.95,1.45,0.45,2.3684210526315788,1.105263157894737,0.631578947368421,4.833333333333333,2.0,3.0,5.0,True,3.0
2024-01-14 Everton-Aston Villa,2024-01-14,Everton,Aston Villa,David Coote,1.2,1.4,0.35,2.15,1.35,0.7,5.125,0.0,0.0,0.0,False,5.0
2024-01-14 Manchester Utd-Tottenham Hotspur,2024-01-14,Manchester Utd,Tottenham Hotspur,John Brooks,1.1,1.35,0.4,2.1,1.45,0.75,5.083333333333333,2.0,2.0,4.0,True,3.0
2024-01-20 Brentford-Nottingham Forest,2024-01-20,Brentford,Nottingham Forest,Darren England,1.368421052631579,1.631578947368421,0.631578947368421,1.2,1.75,0.6,6.333333333333333,3.0,2.0,5.0,True,4.0
2024-01-20 Arsenal-Crystal Palace,2024-01-20,Arsenal,Crystal Palace,Paul Tierney,1.85,1.0,0.5,1.1,1.45,0.6,3.8333333333333335,5.0,0.0,5.0,False,0.0
2024-01-21 Sheffield United-West Ham United,2024-01-21,Sheffield United,West Ham United,Michael Salisbury,0.75,2.45,0.55,1.65,1.5,0.65,3.625,2.0,2.0,4.0,True,6.0
2024-01-21 Bournemouth-Liverpool,2024-01-21,Bournemouth,Liverpool,Andy Madley,1.4736842105263157,1.8421052631578947,0.5789473684210527,2.15,0.9,0.65,5.25,0.0,4.0,4.0,False,3.0
2024-01-22 Brighton-Wolves,2024-01-22,Brighton,Wolves,Craig Pawson,1.9,1.65,0.9,1.5,1.55,0.75,4.7,0.0,0.0,0.0,False,5.0
2024-01-30 Nottingham Forest-Arsenal,2024-01-30,Nottingham Forest,Arsenal,Simon Hooper,1.2380952380952381,1.8095238095238095,0.6190476190476191,2.0,0.9523809523809523,0.47619047619047616,5.583333333333333,1.0,2.0,3.0,True,1.0
2024-01-30 Fulham-Everton,2024-01-30,Fulham,Everton,Thomas Bramall,1.3333333333333333,1.7142857142857142,0.38095238095238093,1.1428571428571428,1.3333333333333333,0.3333333333333333,5.4,0.0,0.0,0.0,False,3.0
2024-01-30 Luton Town-Brighton,2024-01-30,Luton Town,Brighton,Robert Jones,1.2,1.9,0.75,1.8095238095238095,1.5714285714285714,0.8571428571428571,4.615384615384615,4.0,0.0,4.0,False,4.0
2024-01-30 Crystal Palace-Sheffield United,2024-01-30,Crystal Palace,Sheffield United,Tony Harrington,1.0476190476190477,1.619047619047619,0.5714285714285714,0.8095238095238095,2.4285714285714284,0.5714285714285714,2.0,3.0,2.0,5.0,True,5.0
2024-01-30 Aston Villa-Newcastle United,2024-01-30,Aston Villa,Newcastle United,John Brooks,2.0476190476190474,1.2857142857142858,0.6666666666666666,1.9523809523809523,1.5238095238095237,0.47619047619047616,4.923076923076923,1.0,3.0,4.0,True,5.0
2024-01-31 Liverpool-Chelsea,2024-01-31,Liverpool,Chelsea,Paul Tierney,2.238095238095238,0.8571428571428571,0.6190476190476191,1.6666666666666667,1.4761904761904763,0.5714285714285714,3.5384615384615383,4.0,1.0,5.0,True,6.0
2024-01-31 Tottenham Hotspur-Brentford,2024-01-31,Tottenham Hotspur,Brentford,David Coote,2.0952380952380953,1.4761904761904763,0.7619047619047619,1.45,1.65,0.65,5.111111111111111,3.0,2.0,5.0,True,5.0
2024-01-31 Manchester City-Burnley,2024-01-31,Manchester City,Burnley,Samuel Barrott,2.4,1.15,0.65,1.0,2.0,0.5238095238095238,3.111111111111111,3.0,1.0,4.0,True,4.0
2024-02-01 Wolves-Manchester Utd,2024-02-01,Wolves,Manchester Utd,Jarred Gillett,1.4285714285714286,1.4761904761904763,0.7142857142857143,1.1428571428571428,1.380952380952381,0.42857142857142855,5.222222222222222,3.0,4.0,7.0,True,7.0
2024-02-01 West Ham United-Bournemouth,2024-02-01,West Ham United,Bournemouth,Tim Robinson,1.6666666666666667,1.5238095238095237,0.6666666666666666,1.4,1.95,0.55,4.384615384615385,1.0,1.0,2.0,True,4.0
2024-02-03 Everton-Tottenham Hotspur,2024-02-03,Everton,Tottenham Hotspur,Michael Oliver,1.0909090909090908,1.2727272727272727,0.3181818181818182,2.1363636363636362,1.5,0.7727272727272727,4.3076923076923075,2.0,2.0,4.0,True,3.0
2024-02-03 Brighton-Crystal Palace,2024-02-03,Brighton,Crystal Palace,Simon Hooper,1.7272727272727273,1.6818181818181819,0.8181818181818182,1.1363636363636365,1.6363636363636365,0.5909090909090909,5.230769230769231,4.0,1.0,5.0,True,4.0
2024-02-03 Burnley-Fulham,2024-02-03,Burnley,Fulham,Darren Bond,1.0,2.0454545454545454,0.5454545454545454,1.2727272727272727,1.6363636363636365,0.36363636363636365,5.0,2.0,2.0,4.0,True,4.0
2024-02-03 Newcastle United-Luton Town,2024-02-03,Newcastle United,Luton Town,Thomas Bramall,2.0,1.5,0.5,1.3333333333333333,1.8095238095238095,0.7142857142857143,5.0,4.0,4.0,8.0,True,4.0
2024-02-03 Sheffield United-Aston Villa,2024-02-03,Sheffield United,Aston Villa,Paul Tierney,0.8636363636363636,2.4545454545454546,0.5909090909090909,2.0,1.3636363636363635,0.6818181818181818,3.7142857142857144,0.0,5.0,5.0,False,1.0
2024-02-04 Manchester Utd-West Ham United,2024-02-04,Manchester Utd,West Ham United,Andy Madley,1.2727272727272727,1.4545454545454546,0.45454545454545453,1.6363636363636365,1.5,0.6818181818181818,5.076923076923077,3.0,0.0,3.0,False,1.0
2024-02-04 Arsenal-Liverpool,2024-02-04,Arsenal,Liverpool,Anthony Taylor,2.0,0.9545454545454546,0.5,2.3181818181818183,0.8636363636363636,0.6363636363636364,5.25,3.0,1.0,4.0,True,9.0
2024-02-04 Bournemouth-Nottingham Forest,2024-02-04,Bournemouth,Nottingham Forest,Rebecca Welch,1.380952380952381,1.9047619047619047,0.5714285714285714,1.2272727272727273,1.8181818181818181,0.6363636363636364,3.0,1.0,1.0,2.0,True,6.0
2024-02-04 Chelsea-Wolves,2024-02-04,Chelsea,Wolves,Tim Robinson,1.6363636363636365,1.5909090909090908,0.5909090909090909,1.5,1.5909090909090908,0.7272727272727273,4.357142857142857,2.0,4.0,6.0,True,5.0
2024-02-05 Brentford-Manchester City,2024-02-05,Brentford,Manchester City,Jarred Gillett,1.4761904761904763,1.7142857142857142,0.6666666666666666,2.4285714285714284,1.1428571428571428,0.6666666666666666,5.4,1.0,3.0,4.0,True,1.0
2024-02-10 Wolves-Brentford,2024-02-10,Wolves,Brentford,Simon Hooper,1.608695652173913,1.608695652173913,0.7391304347826086,1.4545454545454546,1.7727272727272727,0.6818181818181818,5.142857142857143,0.0,2.0,2.0,False,5.0
2024-02-10 Manchester City-Everton,2024-02-10,Manchester City,Everton,John Brooks,2.4545454545454546,1.1363636363636365,0.6818181818181818,1.1304347826086956,1.3043478260869565,0.34782608695652173,4.928571428571429,2.0,0.0,2.0,False,2.0
2024-02-10 Fulham-Bournemouth,2024-02-10,Fulham,Bournemouth,Darren England,1.3043478260869565,1.6521739130434783,0.391304347826087,1.3636363636363635,1.8636363636363635,0.5909090909090909,5.75,3.0,1.0,4.0,True,3.0
2024-02-10 Liverpool-Burnley,2024-02-10,Liverpool,Burnley,Tim Robinson,2.260869565217391,0.9565217391304348,0.6521739130434783,1.0434782608695652,2.0434782608695654,0.5652173913043478,4.4,3.0,1.0,4.0,True,5.0
2024-02-10 Luton Town-Sheffield United,2024-02-10,Luton Town,Sheffield United,Chris Kavanagh,1.4545454545454546,1.9090909090909092,0.7272727272727273,0.8260869565217391,2.5652173913043477,0.5652173913043478,4.6923076923076925,1.0,3.0,4.0,True,3.0
2024-02-10 Tottenham Hotspur-Brighton,2024-02-10,Tottenham Hotspur,Brighton,Samuel Barrott,2.130434782608696,1.5217391304347827,0.782608695652174,1.826086956521739,1.6521739130434783,0.8260869565217391,3.2,2.0,1.0,3.0,True,5.0
2024-02-10 Nottingham Forest-Newcastle United,2024-02-10,Nottingham Forest,Newcastle United,Anthony Taylor,1.2173913043478262,1.7826086956521738,0.6521739130434783,2.0869565217391304,1.608695652173913,0.5217391304347826,5.470588235294118,2.0,3.0,5.0,True,3.0
2024-02-11 Aston Villa-Manchester Utd,2024-02-11,Aston Villa,Manchester Utd,Robert Jones,2.130434782608696,1.3043478260869565,0.6521739130434783,1.3478260869565217,1.391304347826087,0.43478260869565216,4.571428571428571,1.0,2.0,3.0,True,5.0
2024-02-11 West Ham United-Arsenal,2024-02-11,West Ham United,Arsenal,Craig Pawson,1.565217391304348,1.565217391304348,0.6521739130434783,2.0434782608695654,0.9565217391304348,0.5217391304347826,4.7272727272727275,0.0,6.0,6.0,False,4.0
2024-02-12 Crystal Palace-Chelsea,2024-02-12,Crystal Palace,Chelsea,Michael Oliver,1.1304347826086956,1.7391304347826086,0.6086956521739131,1.6521739130434783,1.6956521739130435,0.6086956521739131,4.214285714285714,1.0,3.0,4.0,True,4.0
2024-02-17 Manchester City-Chelsea,2024-02-17,Manchester City,Chelsea,Andy Madley,2.4347826086956523,1.0869565217391304,0.6521739130434783,1.7083333333333333,1.6666666666666667,0.625,4.785714285714286,1.0,1.0,2.0,True,4.0
2024-02-17 Tottenham Hotspur-Wolves,2024-02-17,Tottenham Hotspur,Wolves,Anthony Taylor,2.125,1.5,0.7916666666666666,1.5416666666666667,1.625,0.7083333333333334,5.333333333333333,1.0,2.0,3.0,True,1.0
2024-02-17 Nottingham Forest-West Ham United,2024-02-17,Nottingham Forest,West Ham United,Thomas Bramall,1.25,1.8333333333333333,0.6666666666666666,1.5,1.75,0.625,4.857142857142857,2.0,0.0,2.0,False,9.0
2024-02-17 Burnley-Arsenal,2024-02-17,Burnley,Arsenal,Jarred Gillett,1.0416666666666667,2.0833333333333335,0.5833333333333334,2.2083333333333335,0.9166666666666666,0.5,5.0,0.0,5.0,5.0,False,3.0
2024-02-17 Fulham-Aston Villa,2024-02-17,Fulham,Aston Villa,Lewis Smith,1.375,1.625,0.4166666666666667,2.0833333333333335,1.3333333333333333,0.6666666666666666,4.355263157894737,1.0,2.0,3.0,True,7.0
2024-02-17 Newcastle United-Bournemouth,2024-02-17,Newcastle United,Bournemouth,Michael Salisbury,2.125,1.625,0.5416666666666666,1.3478260869565217,1.9130434782608696,0.6086956521739131,3.888888888888889,2.0,2.0,4.0,True,4.0
2024-02-17 Brentford-Liverpool,2024-02-17,Brentford,Liverpool,Michael Oliver,1.4782608695652173,1.6956521739130435,0.6521739130434783,2.2916666666666665,0.9583333333333334,0.6666666666666666,4.2,1.0,4.0,5.0,True,3.0
2024-02-18 Sheffield United-Brighton,2024-02-18,Sheffield United,Brighton,Stuart Attwell,0.9166666666666666,2.5,0.5833333333333334,1.7916666666666667,1.6666666666666667,0.8333333333333334,5.181818181818182,0.0,5.0,5.0,False,6.0
2024-02-18 Luton Town-Manchester Utd,2024-02-18,Luton Town,Manchester Utd,David Coote,1.434782608695652,1.9565217391304348,0.7391304347826086,1.375,1.375,0.4583333333333333,5.1,1.0,2.0,3.0,True,8.0
2024-02-19 Everton-Crystal Palace,2024-02-19,Everton,Crystal Palace,Paul Tierney,1.0833333333333333,1.3333333333333333,0.3333333333333333,1.125,1.7916666666666667,0.625,3.533333333333333,1.0,1.0,2.0,True,2.0
2024-02-20 Manchester City-Brentford,2024-02-20,Manchester City,Brentford,Darren England,2.375,1.0833333333333333,0.6666666666666666,1.4583333333333333,1.7916666666666667,0.6666666666666666,5.2,1.0,0.0,1.0,False,6.0
2024-02-21 Liverpool-Luton Town,2024-02-21,Liverpool,Luton Town,Andy Madley,2.36,0.96,0.68,1.4166666666666667,1.9583333333333333,0.75,4.733333333333333,4.0,1.0,5.0,True,5.0
2024-02-24 Crystal Palace-Burnley,2024-02-24,Crystal Palace,Burnley,Lewis Smith,1.12,1.76,0.64,1.0,2.2,0.56,7.0,3.0,0.0,3.0,False,5.0
2024-02-24 Arsenal-Newcastle United,2024-02-24,Arsenal,Newcastle United,Paul Tierney,2.32,0.88,0.48,2.12,1.64,0.56,3.4375,4.0,1.0,5.0,True,1.0
2024-02-24 Bournemouth-Manchester City,2024-02-24,Bournemouth,Manchester City,Jarred Gillett,1.375,1.9166666666666667,0.625,2.32,1.04,0.64,4.833333333333333,0.0,1.0,1.0,False,4.0
2024-02-24 Brighton-Everton,2024-02-24,Brighton,Everton,Tony Harrington,1.92,1.6,0.8,1.08,1.32,0.36,3.0,1.0,1.0,2.0,True,6.0
2024-02-24 Aston Villa-Nottingham Forest,2024-02-24,Aston Villa,Nottingham Forest,Samuel Barrott,2.08,1.32,0.68,1.28,1.76,0.64,3.3636363636363638,4.0,2.0,6.0,True,3.0
2024-02-24 Manchester Utd-Fulham,2024-02-24,Manchester Utd,Fulham,Michael Oliver,1.4,1.36,0.48,1.36,1.64,0.44,4.125,1.0,2.0,3.0,True,7.0
2024-02-25 Wolves-Sheffield United,2024-02-25,Wolves,Sheffield United,Darren Bond,1.56,1.6,0.72,0.88,2.6,0.56,4.5,1.0,0.0,1.0,False,3.0
2024-02-26 West Ham United-Brentford,2024-02-26,West Ham United,Brentford,Simon Hooper,1.44,1.76,0.6,1.4,1.76,0.64,5.133333333333334,4.0,2.0,6.0,True,3.0
2024-03-02 Nottingham Forest-Liverpool,2024-03-02,Nottingham Forest,Liverpool,Paul Tierney,1.3076923076923077,1.8461538461538463,0.6538461538461539,2.423076923076923,0.9615384615384616,0.6923076923076923,3.2941176470588234,0.0,1.0,1.0,False,5.0
2024-03-02 Tottenham Hotspur-Crystal Palace,2024-03-02,Tottenham Hotspur,Crystal Palace,John Brooks,2.08,1.52,0.8,1.1923076923076923,1.6923076923076923,0.6153846153846154,4.733333333333333,3.0,1.0,4.0,True,3.0
2024-03-02 Luton Town-Aston Villa,2024-03-02,Luton Town,Aston Villa,Michael Oliver,1.4,2.04,0.76,2.1538461538461537,1.3461538461538463,0.6923076923076923,4.294117647058823,2.0,3.0,5.0,True,5.0
2024-03-02 Newcastle United-Wolves,2024-03-02,Newcastle United,Wolves,Tim Robinson,2.076923076923077,1.7307692307692308,0.5769230769230769,1.5384615384615385,1.5384615384615385,0.6923076923076923,4.4375,3.0,0.0,3.0,False,1.0
2024-03-02 Everton-West Ham United,2024-03-02,Everton,West Ham United,Craig Pawson,1.0769230769230769,1.3076923076923077,0.38461538461538464,1.5384615384615385,1.7692307692307692,0.6153846153846154,4.666666666666667,1.0,3.0,4.0,True,3.0
2024-03-02 Brentford-Chelsea,2024-03-02,Brentford,Chelsea,Jarred Gillett,1.4230769230769231,1.8461538461538463,0.6538461538461539,1.68,1.64,0.64,4.769230769230769,2.0,2.0,4.0,True,4.0
2024-03-02 Fulham-Brighton,2024-03-02,Fulham,Brighton,Simon Hooper,1.3846153846153846,1.6153846153846154,0.46153846153846156,1.8846153846153846,1.5769230769230769,0.8076923076923077,5.0,3.0,0.0,3.0,False,3.0
2024-03-03 Burnley-Bournemouth,2024-03-03,Burnley,Bournemouth,David Coote,0.9615384615384616,2.230769230769231,0.5384615384615384,1.32,1.88,0.6,5.363636363636363,0.0,2.0,2.0,False,6.0
2024-03-03 Manchester City-Manchester Utd,2024-03-03,Manchester City,Manchester Utd,Andy Madley,2.269230769230769,1.0,0.6153846153846154,1.3846153846153846,1.3846153846153846,0.5,4.75,3.0,1.0,4.0,True,1.0
2024-03-04 Sheffield United-Arsenal,2024-03-04,Sheffield United,Arsenal,Samuel Barrott,0.8461538461538461,2.5384615384615383,0.5384615384615384,2.3846153846153846,0.8846153846153846,0.5,3.3333333333333335,0.0,6.0,6.0,False,1.0
2024-03-09 Arsenal-Brentford,2024-03-09,Arsenal,Brentford,Robert Jones,2.5185185185185186,0.8518518518518519,0.48148148148148145,1.4444444444444444,1.8518518518518519,0.6666666666666666,4.6,2.0,1.0,3.0,True,6.0
2024-03-09 Crystal Palace-Luton Town,2024-03-09,Crystal Palace,Luton Town,Sunny Singh,1.1851851851851851,1.7407407407407407,0.6296296296296297,1.4230769230769231,2.076923076923077,0.7692307692307693,4.355263157894737,1.0,1.0,2.0,True,5.0
2024-03-09 Wolves-Fulham,2024-03-09,Wolves,Fulham,Tony Harrington,1.4814814814814814,1.5925925925925926,0.6666666666666666,1.4444444444444444,1.5555555555555556,0.4444444444444444,3.75,2.0,1.0,3.0,True,4.0
2024-03-09 Manchester Utd-Everton,2024-03-09,Manchester Utd,Everton,Simon Hooper,1.3703703703703705,1.4444444444444444,0.5185185185185185,1.0740740740740742,1.3703703703703705,0.4074074074074074,4.882352941176471,2.0,0.0,2.0,False,3.0
2024-03-09 Bournemouth-Sheffield United,2024-03-09,Bournemouth,Sheffield United,Anthony Taylor,1.3461538461538463,1.8076923076923077,0.5769230769230769,0.8148148148148148,2.6666666666666665,0.5185185185185185,5.105263157894737,2.0,2.0,4.0,True,8.0
2024-03-10 Aston Villa-Tottenham Hotspur,2024-03-10,Aston Villa,Tottenham Hotspur,Chris Kavanagh,2.185185185185185,1.3703703703703705,0.7037037037037037,2.1153846153846154,1.5,0.8076923076923077,4.571428571428571,0.0,4.0,4.0,False,3.0
2024-03-10 Brighton-Nottingham Forest,2024-03-10,Brighton,Nottingham Forest,Michael Salisbury,1.8148148148148149,1.6296296296296295,0.7777777777777778,1.2592592592592593,1.8148148148148149,0.6296296296296297,3.9,1.0,0.0,1.0,False,8.0
2024-03-10 West Ham United-Burnley,2024-03-10,West Ham United,Burnley,Darren England,1.5925925925925926,1.7407407407407407,0.6296296296296297,0.9259259259259259,2.2222222222222223,0.5185185185185185,5.333333333333333,2.0,2.0,4.0,True,6.0
2024-03-10 Liverpool-Manchester City,2024-03-10,Liverpool,Manchester City,Michael Oliver,2.3703703703703702,0.9259259259259259,0.6666666666666666,2.2962962962962963,1.0,0.6296296296296297,4.333333333333333,1.0,1.0,2.0,True,3.0
2024-03-11 Chelsea-Newcastle United,2024-03-11,Chelsea,Newcastle United,John Brooks,1.6923076923076923,1.6538461538461537,0.6538461538461539,2.111111111111111,1.6666666666666667,0.5555555555555556,4.625,3.0,2.0,5.0,True,4.0
2024-03-13 Bournemouth-Luton Town,2024-03-13,Bournemouth,Luton Town,Samuel Allison,1.3703703703703705,1.8148148148148149,0.5925925925925926,1.4074074074074074,2.037037037037037,0.7777777777777778,5.0,4.0,3.0,7.0,True,3.0
2024-03-16 Luton Town-Nottingham Forest,2024-03-16,Luton Town,Nottingham Forest,Darren England,1.4642857142857142,2.107142857142857,0.7857142857142857,1.2142857142857142,1.7857142857142858,0.6071428571428571,5.428571428571429,1.0,1.0,2.0,True,3.0
2024-03-16 Burnley-Brentford,2024-03-16,Burnley,Brentford,Darren Bond,0.9642857142857143,2.2142857142857144,0.5357142857142857,1.4285714285714286,1.8571428571428572,0.6785714285714286,4.0,2.0,1.0,3.0,True,7.0
2024-03-16 Fulham-Tottenham Hotspur,2024-03-16,Fulham,Tottenham Hotspur,Robert Jones,1.4285714285714286,1.5714285714285714,0.4642857142857143,2.185185185185185,1.4444444444444444,0.7777777777777778,4.6875,3.0,0.0,3.0,False,5.0
2024-03-17 West Ham United-Aston Villa,2024-03-17,West Ham United,Aston Villa,Jarred Gillett,1.6071428571428572,1.75,0.6428571428571429,2.107142857142857,1.4642857142857142,0.6785714285714286,4.714285714285714,1.0,1.0,2.0,True,6.0
2024-03-30 Aston Villa-Wolves,2024-03-30,Aston Villa,Wolves,Paul Tierney,2.0689655172413794,1.4482758620689655,0.6896551724137931,1.5,1.5714285714285714,0.6785714285714286,3.388888888888889,2.0,0.0,2.0,False,7.0
2024-03-30 Tottenham Hotspur-Luton Town,2024-03-30,Tottenham Hotspur,Luton Town,Jarred Gillett,2.107142857142857,1.5,0.75,1.4482758620689655,2.0689655172413794,0.7931034482758621,4.8,2.0,1.0,3.0,True,6.0
2024-03-30 Brentford-Manchester Utd,2024-03-30,Brentford,Manchester Utd,Simon Hooper,1.4137931034482758,1.8620689655172413,0.6896551724137931,1.3928571428571428,1.3928571428571428,0.5,4.777777777777778,1.0,1.0,2.0,True,5.0
2024-03-30 Sheffield United-Fulham,2024-03-30,Sheffield United,Fulham,Tim Robinson,0.8571428571428571,2.642857142857143,0.5357142857142857,1.4827586206896552,1.5172413793103448,0.4482758620689655,4.235294117647059,3.0,3.0,6.0,True,5.0
2024-03-30 Chelsea-Burnley,2024-03-30,Chelsea,Burnley,Darren England,1.7407407407407407,1.6666666666666667,0.6666666666666666,1.0,2.1724137931034484,0.5517241379310345,5.125,2.0,2.0,4.0,True,5.0
2024-03-30 Bournemouth-Everton,2024-03-30,Bournemouth,Everton,Samuel Barrott,1.4642857142857142,1.8571428571428572,0.6071428571428571,1.0357142857142858,1.3928571428571428,0.39285714285714285,3.1538461538461537,2.0,1.0,3.0,True,3.0
2024-03-30 Newcastle United-West Ham United,2024-03-30,Newcastle United,West Ham United,Robert Jones,2.107142857142857,1.7142857142857142,0.5714285714285714,1.5862068965517242,1.7241379310344827,0.6551724137931034,4.705882352941177,4.0,3.0,7.0,True,3.0
2024-03-30 Nottingham Forest-Crystal Palace,2024-03-30,Nottingham Forest,Crystal Palace,Chris Kavanagh,1.206896551724138,1.7586206896551724,0.6206896551724138,1.1785714285714286,1.7142857142857142,0.6428571428571429,4.466666666666667,1.0,1.0,2.0,True,2.0
2024-03-31 Liverpool-Brighton,2024-03-31,Liverpool,Brighton,David Coote,2.3214285714285716,0.9285714285714286,0.6785714285714286,1.7857142857142858,1.5714285714285714,0.75,5.416666666666667,2.0,1.0,3.0,True,8.0
2024-03-31 Manchester City-Arsenal,2024-03-31,Manchester City,Arsenal,Anthony Taylor,2.25,1.0,0.6428571428571429,2.5,0.8571428571428571,0.5,5.25,0.0,0.0,0.0,False,2.0
2024-04-02 West Ham United-Tottenham Hotspur,2024-04-02,West Ham United,Tottenham Hotspur,John Brooks,1.6333333333333333,1.8,0.6666666666666666,2.103448275862069,1.4827586206896552,0.7586206896551724,4.588235294117647,1.0,1.0,2.0,True,5.0
2024-04-02 Bournemouth-Crystal Palace,2024-04-02,Bournemouth,Crystal Palace,Graham Scott,1.4827586206896552,1.8275862068965518,0.6206896551724138,1.1724137931034482,1.6896551724137931,0.6551724137931034,2.0,1.0,0.0,1.0,False,5.0
2024-04-02 Burnley-Wolves,2024-04-02,Burnley,Wolves,Thomas Bramall,1.0333333333333334,2.1666666666666665,0.5666666666666667,1.4482758620689655,1.5862068965517242,0.6551724137931034,5.375,1.0,1.0,2.0,True,2.0
2024-04-02 Newcastle United-Everton,2024-04-02,Newcastle United,Everton,Tony Harrington,2.1724137931034484,1.7586206896551724,0.5862068965517241,1.0344827586206897,1.4137931034482758,0.41379310344827586,3.8,1.0,1.0,2.0,True,3.0
2024-04-02 Nottingham Forest-Fulham,2024-04-02,Nottingham Forest,Fulham,Michael Oliver,1.2,1.7333333333333334,0.6333333333333333,1.5333333333333334,1.5666666666666667,0.4666666666666667,4.2631578947368425,3.0,1.0,4.0,True,1.0
2024-04-03 Arsenal-Luton Town,2024-04-03,Arsenal,Luton Town,Craig Pawson,2.413793103448276,0.8275862068965517,0.4827586206896552,1.4333333333333333,2.066666666666667,0.8,4.538461538461538,2.0,0.0,2.0,False,2.0
2024-04-03 Brentford-Brighton,2024-04-03,Brentford,Brighton,Andy Madley,1.4,1.8333333333333333,0.7,1.7586206896551724,1.5862068965517242,0.7586206896551724,4.529411764705882,0.0,0.0,0.0,False,2.0
2024-04-03 Manchester City-Aston Villa,2024-04-03,Manchester City,Aston Villa,Darren England,2.1724137931034484,0.9655172413793104,0.6206896551724138,2.066666666666667,1.4,0.6666666666666666,5.111111111111111,4.0,1.0,5.0,True,3.0
2024-04-04 Liverpool-Sheffield United,2024-04-04,Liverpool,Sheffield United,Stuart Attwell,2.310344827586207,0.9310344827586207,0.6896551724137931,0.9310344827586207,2.6551724137931036,0.5517241379310345,5.25,3.0,1.0,4.0,True,1.0
2024-04-04 Chelsea-Manchester Utd,2024-04-04,Chelsea,Manchester Utd,Jarred Gillett,1.75,1.6785714285714286,0.6785714285714286,1.3793103448275863,1.3793103448275863,0.5172413793103449,4.875,4.0,3.0,7.0,True,4.0
2024-04-06 Luton Town-Bournemouth,2024-04-06,Luton Town,Bournemouth,Andy Madley,1.3870967741935485,2.064516129032258,0.7741935483870968,1.4666666666666666,1.7666666666666666,0.6,4.388888888888889,2.0,1.0,3.0,True,0.0
2024-04-06 Brighton-Arsenal,2024-04-06,Brighton,Arsenal,John Brooks,1.7,1.5333333333333334,0.7333333333333333,2.4,0.8,0.4666666666666667,4.611111111111111,0.0,3.0,3.0,False,3.0
2024-04-06 Fulham-Newcastle United,2024-04-06,Fulham,Newcastle United,Samuel Allison,1.5161290322580645,1.6129032258064515,0.4838709677419355,2.1333333333333333,1.7333333333333334,0.6,4.0,0.0,1.0,1.0,False,3.0
2024-04-06 Wolves-West Ham United,2024-04-06,Wolves,West Ham United,Tony Harrington,1.4333333333333333,1.5666666666666667,0.6666666666666666,1.6129032258064515,1.7741935483870968,0.6774193548387096,3.6666666666666665,1.0,2.0,3.0,True,7.0
2024-04-06 Aston Villa-Brentford,2024-04-06,Aston Villa,Brentford,Michael Salisbury,2.032258064516129,1.4838709677419355,0.6774193548387096,1.3548387096774193,1.7741935483870968,0.6774193548387096,4.2727272727272725,3.0,3.0,6.0,True,4.0
2024-04-06 Everton-Burnley,2024-04-06,Everton,Burnley,Michael Oliver,1.0333333333333334,1.4,0.43333333333333335,1.032258064516129,2.129032258064516,0.5806451612903226,4.1,1.0,0.0,1.0,False,4.0
2024-04-06 Crystal Palace-Manchester City,2024-04-06,Crystal Palace,Manchester City,Paul Tierney,1.1333333333333333,1.6666666666666667,0.6333333333333333,2.2333333333333334,0.9666666666666667,0.6333333333333333,3.5789473684210527,2.0,4.0,6.0,True,2.0
2024-04-07 Manchester Utd-Liverpool,2024-04-07,Manchester Utd,Liverpool,Anthony Taylor,1.4333333333333333,1.4666666666666666,0.5333333333333333,2.3333333333333335,0.9333333333333333,0.7,5.095238095238095,2.0,2.0,4.0,True,7.0
2024-04-07 Sheffield United-Chelsea,2024-04-07,Sheffield United,Chelsea,Robert Jones,0.9333333333333333,2.6666666666666665,0.5666666666666667,1.8275862068965518,1.7241379310344827,0.6896551724137931,4.611111111111111,2.0,2.0,4.0,True,6.0
2024-04-07 Tottenham Hotspur-Nottingham Forest,2024-04-07,Tottenham Hotspur,Nottingham Forest,Simon Hooper,2.066666666666667,1.4666666666666666,0.7666666666666667,1.2580645161290323,1.7096774193548387,0.6451612903225806,4.7894736842105265,3.0,1.0,4.0,True,6.0
2024-04-13 Nottingham Forest-Wolves,2024-04-13,Nottingham Forest,Wolves,Craig Pawson,1.25,1.75,0.65625,1.4193548387096775,1.5806451612903225,0.6774193548387096,4.357142857142857,2.0,2.0,4.0,True,5.0
2024-04-13 Manchester City-Luton Town,2024-04-13,Manchester City,Luton Town,John Brooks,2.2903225806451615,1.0,0.6451612903225806,1.40625,2.03125,0.78125,4.526315789473684,5.0,1.0,6.0,True,1.0
2024-04-13 Bournemouth-Manchester Utd,2024-04-13,Bournemouth,Manchester Utd,Tony Harrington,1.4516129032258065,1.7741935483870968,0.6129032258064516,1.4516129032258065,1.4838709677419355,0.5483870967741935,4.142857142857143,2.0,2.0,4.0,True,4.0
2024-04-13 Brentford-Sheffield United,2024-04-13,Brentford,Sheffield United,Samuel Barrott,1.40625,1.8125,0.6875,0.967741935483871,2.6451612903225805,0.5806451612903226,3.142857142857143,2.0,0.0,2.0,False,4.0
2024-04-13 Newcastle United-Tottenham Hotspur,2024-04-13,Newcastle United,Tottenham Hotspur,Tim Robinson,2.096774193548387,1.6774193548387097,0.5806451612903226,2.096774193548387,1.4516129032258065,0.7741935483870968,4.277777777777778,4.0,0.0,4.0,False,4.0
2024-04-13 Burnley-Brighton,2024-04-13,Burnley,Brighton,Simon Hooper,1.0,2.09375,0.5625,1.6451612903225807,1.5806451612903225,0.7096774193548387,4.85,1.0,1.0,2.0,True,3.0
2024-04-14 Liverpool-Crystal Palace,2024-04-14,Liverpool,Crystal Palace,Chris Kavanagh,2.3225806451612905,0.967741935483871,0.7096774193548387,1.1612903225806452,1.7419354838709677,0.6451612903225806,4.3125,0.0,1.0,1.0,False,2.0
2024-04-14 West Ham United-Fulham,2024-04-14,West Ham United,Fulham,Stuart Attwell,1.625,1.75,0.6875,1.46875,1.59375,0.46875,4.923076923076923,0.0,2.0,2.0,False,3.0
2024-04-14 Arsenal-Aston Villa,2024-04-14,Arsenal,Aston Villa,David Coote,2.4193548387096775,0.7741935483870968,0.45161290322580644,2.0625,1.53125,0.6875,5.615384615384615,0.0,2.0,2.0,False,4.0
2024-04-15 Chelsea-Everton,2024-04-15,Chelsea,Everton,Paul Tierney,1.8333333333333333,1.7333333333333334,0.7,1.032258064516129,1.3548387096774193,0.41935483870967744,3.5,6.0,0.0,6.0,False,5.0
2024-04-20 Luton Town-Brentford,2024-04-20,Luton Town,Brentford,Jarred Gillett,1.393939393939394,2.121212121212121,0.7878787878787878,1.4242424242424243,1.7575757575757576,0.6666666666666666,4.823529411764706,1.0,5.0,6.0,True,3.0
2024-04-20 Sheffield United-Burnley,2024-04-20,Sheffield United,Burnley,Andy Madley,0.9375,2.625,0.5625,1.0,2.0606060606060606,0.5757575757575758,4.157894736842105,1.0,4.0,5.0,True,1.0
2024-04-20 Wolves-Arsenal,2024-04-20,Wolves,Arsenal,Paul Tierney,1.4375,1.59375,0.6875,2.34375,0.8125,0.4375,3.5714285714285716,0.0,2.0,2.0,False,5.0
2024-04-21 Crystal Palace-West Ham United,2024-04-21,Crystal Palace,West Ham United,Graham Scott,1.15625,1.6875,0.625,1.5757575757575757,1.7575757575757576,0.6666666666666666,3.0,5.0,2.0,7.0,True,5.0
2024-04-21 Everton-Nottingham Forest,2024-04-21,Everton,Nottingham Forest,Anthony Taylor,1.0,1.5,0.40625,1.2727272727272727,1.7575757575757576,0.6666666666666666,5.181818181818182,2.0,0.0,2.0,False,6.0
2024-04-21 Aston Villa-Bournemouth,2024-04-21,Aston Villa,Bournemouth,Tim Robinson,2.0606060606060606,1.4848484848484849,0.6666666666666666,1.46875,1.78125,0.625,4.2631578947368425,3.0,1.0,4.0,True,4.0
2024-04-21 Fulham-Liverpool,2024-04-21,Fulham,Liverpool,Craig Pawson,1.4848484848484849,1.5454545454545454,0.45454545454545453,2.25,0.96875,0.6875,4.4,1.0,3.0,4.0,True,3.0
2024-04-23 Arsenal-Chelsea,2024-04-23,Arsenal,Chelsea,Simon Hooper,2.3333333333333335,0.7878787878787878,0.42424242424242425,1.967741935483871,1.6774193548387097,0.6774193548387096,4.761904761904762,5.0,0.0,5.0,False,4.0
2024-04-24 Wolves-Bournemouth,2024-04-24,Wolves,Bournemouth,Stuart Attwell,1.393939393939394,1.606060606060606,0.6666666666666666,1.4545454545454546,1.8181818181818181,0.6363636363636364,4.785714285714286,0.0,1.0,1.0,False,6.0
2024-04-24 Crystal Palace-Newcastle United,2024-04-24,Crystal Palace,Newcastle United,Thomas Bramall,1.2727272727272727,1.696969696969697,0.6363636363636364,2.15625,1.625,0.5625,5.0,2.0,0.0,2.0,False,6.0
2024-04-24 Everton-Liverpool,2024-04-24,Everton,Liverpool,Andy Madley,1.0303030303030303,1.4545454545454546,0.3939393939393939,2.272727272727273,0.9696969696969697,0.696969696969697,4.0,2.0,0.0,2.0,False,3.0
2024-04-24 Manchester Utd-Sheffield United,2024-04-24,Manchester Utd,Sheffield United,Michael Salisbury,1.46875,1.5,0.5625,0.9393939393939394,2.6666666666666665,0.5757575757575758,4.25,4.0,2.0,6.0,True,1.0
2024-04-25 Brighton-Manchester City,2024-04-25,Brighton,Manchester City,Jarred Gillett,1.625,1.5625,0.71875,2.375,1.0,0.65625,4.722222222222222,0.0,4.0,4.0,False,2.0
2024-04-27 Aston Villa-Chelsea,2024-04-27,Aston Villa,Chelsea,Craig Pawson,2.088235294117647,1.4705882352941178,0.6764705882352942,1.90625,1.78125,0.65625,4.3125,2.0,2.0,4.0,True,8.0
2024-04-27 Everton-Brentford,2024-04-27,Everton,Brentford,Darren England,1.0588235294117647,1.411764705882353,0.38235294117647056,1.5294117647058822,1.7352941176470589,0.6764705882352942,4.9,1.0,0.0,1.0,False,3.0
2024-04-27 Newcastle United-Sheffield United,2024-04-27,Newcastle United,Sheffield United,Tony Harrington,2.090909090909091,1.6363636363636365,0.5454545454545454,0.9705882352941176,2.7058823529411766,0.5882352941176471,4.125,5.0,1.0,6.0,True,0.0
2024-04-27 Wolves-Luton Town,2024-04-27,Wolves,Luton Town,David Coote,1.3529411764705883,1.588235294117647,0.6470588235294118,1.3823529411764706,2.2058823529411766,0.7941176470588235,5.5,2.0,1.0,3.0,True,4.0
2024-04-27 Fulham-Crystal Palace,2024-04-27,Fulham,Crystal Palace,Stuart Attwell,1.4705882352941178,1.588235294117647,0.47058823529411764,1.2941176470588236,1.6470588235294117,0.6176470588235294,4.866666666666666,1.0,1.0,2.0,True,2.0
2024-04-27 West Ham United-Liverpool,2024-04-27,West Ham United,Liverpool,Anthony Taylor,1.588235294117647,1.8529411764705883,0.6764705882352942,2.2058823529411766,1.0,0.6764705882352942,5.217391304347826,2.0,2.0,4.0,True,2.0
2024-04-27 Manchester Utd-Burnley,2024-04-27,Manchester Utd,Burnley,John Brooks,1.5454545454545454,1.5151515151515151,0.5757575757575758,1.088235294117647,2.0294117647058822,0.5882352941176471,4.35,1.0,1.0,2.0,True,4.0
2024-04-28 Bournemouth-Brighton,2024-04-28,Bournemouth,Brighton,Paul Tierney,1.4411764705882353,1.7647058823529411,0.6176470588235294,1.5757575757575757,1.6363636363636365,0.696969696969697,3.6363636363636362,3.0,0.0,3.0,False,4.0
2024-04-28 Tottenham Hotspur-Arsenal,2024-04-28,Tottenham Hotspur,Arsenal,Michael Oliver,2.03125,1.53125,0.75,2.411764705882353,0.7647058823529411,0.4117647058823529,4.095238095238095,2.0,3.0,5.0,True,3.0
2024-04-28 Nottingham Forest-Manchester City,2024-04-28,Nottingham Forest,Manchester City,Simon Hooper,1.2352941176470589,1.7647058823529411,0.6470588235294118,2.4242424242424243,0.9696969696969697,0.6363636363636364,4.7272727272727275,0.0,2.0,2.0,False,0.0
2024-05-02 Chelsea-Tottenham Hotspur,2024-05-02,Chelsea,Tottenham Hotspur,Robert Jones,1.9090909090909092,1.7878787878787878,0.6666666666666666,2.0303030303030303,1.5757575757575757,0.7575757575757576,4.684210526315789,2.0,0.0,2.0,False,1.0
2024-05-03 Luton Town-Everton,2024-05-03,Luton Town,Everton,Tim Robinson,1.3714285714285714,2.2,0.8,1.0571428571428572,1.3714285714285714,0.37142857142857144,4.25,1.0,1.0,2.0,True,4.0
2024-05-04 Sheffield United-Nottingham Forest,2024-05-04,Sheffield United,Nottingham Forest,Chris Kavanagh,0.9714285714285714,2.7714285714285714,0.6,1.2,1.7714285714285714,0.6285714285714286,4.176470588235294,1.0,3.0,4.0,True,2.0
2024-05-04 Burnley-Newcastle United,2024-05-04,Burnley,Newcastle United,Anthony Taylor,1.0857142857142856,2.0,0.6,2.176470588235294,1.6176470588235294,0.5588235294117647,5.083333333333333,1.0,4.0,5.0,True,4.0
2024-05-04 Manchester City-Wolves,2024-05-04,Manchester City,Wolves,Craig Pawson,2.411764705882353,0.9411764705882353,0.6176470588235294,1.3714285714285714,1.5714285714285714,0.6571428571428571,4.529411764705882,5.0,1.0,6.0,True,4.0
2024-05-04 Arsenal-Bournemouth,2024-05-04,Arsenal,Bournemouth,David Coote,2.4285714285714284,0.8,0.42857142857142855,1.4857142857142858,1.7142857142857142,0.6,5.4,3.0,0.0,3.0,False,5.0
2024-05-04 Brentford-Fulham,2024-05-04,Brentford,Fulham,Graham Scott,1.4857142857142858,1.7142857142857142,0.6571428571428571,1.457142857142857,1.5714285714285714,0.4857142857142857,3.5,0.0,0.0,0.0,False,2.0
2024-05-05 Brighton-Aston Villa,2024-05-05,Brighton,Aston Villa,Robert Jones,1.5294117647058822,1.6764705882352942,0.6764705882352942,2.085714285714286,1.4857142857142858,0.6857142857142857,4.5,1.0,0.0,1.0,False,3.0
2024-05-05 Chelsea-West Ham United,2024-05-05,Chelsea,West Ham United,Andy Madley,1.911764705882353,1.7352941176470589,0.6470588235294118,1.6,1.8571428571428572,0.6857142857142857,3.9523809523809526,5.0,0.0,5.0,False,4.0
2024-05-05 Liverpool-Tottenham Hotspur,2024-05-05,Liverpool,Tottenham Hotspur,Paul Tierney,2.2,1.0285714285714285,0.6857142857142857,1.9705882352941178,1.588235294117647,0.7352941176470589,3.652173913043478,4.0,2.0,6.0,True,5.0
2024-05-06 Crystal Palace-Manchester Utd,2024-05-06,Crystal Palace,Manchester Utd,Jarred Gillett,1.2857142857142858,1.6285714285714286,0.6285714285714286,1.5294117647058822,1.5,0.5882352941176471,4.578947368421052,4.0,0.0,4.0,False,2.0
2024-05-11 Nottingham Forest-Chelsea,2024-05-11,Nottingham Forest,Chelsea,Tony Harrington,1.25,1.75,0.6388888888888888,2.0,1.6857142857142857,0.6285714285714286,3.6666666666666665,2.0,3.0,5.0,True,5.0
2024-05-11 Wolves-Crystal Palace,2024-05-11,Wolves,Crystal Palace,Thomas Bramall,1.3611111111111112,1.6666666666666667,0.6666666666666666,1.3611111111111112,1.5833333333333333,0.6111111111111112,5.1,1.0,3.0,4.0,True,6.0
2024-05-11 Tottenham Hotspur-Burnley,2024-05-11,Tottenham Hotspur,Burnley,Jarred Gillett,1.9714285714285715,1.6571428571428573,0.7428571428571429,1.0833333333333333,2.0555555555555554,0.6111111111111112,4.45,2.0,1.0,3.0,True,8.0
2024-05-11 West Ham United-Luton Town,2024-05-11,West Ham United,Luton Town,Michael Oliver,1.5555555555555556,1.9444444444444444,0.6666666666666666,1.3611111111111112,2.1666666666666665,0.8055555555555556,4.045454545454546,3.0,1.0,4.0,True,4.0
2024-05-11 Everton-Sheffield United,2024-05-11,Everton,Sheffield United,Stuart Attwell,1.0555555555555556,1.3611111111111112,0.3888888888888889,0.9722222222222222,2.7777777777777777,0.6111111111111112,4.6875,1.0,0.0,1.0,False,3.0
2024-05-11 Bournemouth-Brentford,2024-05-11,Bournemouth,Brentford,Matt Donohue,1.4444444444444444,1.75,0.5833333333333334,1.4444444444444444,1.6666666666666667,0.6388888888888888,4.355263157894737,1.0,2.0,3.0,True,4.0
2024-05-11 Fulham-Manchester City,2024-05-11,Fulham,Manchester City,Anthony Taylor,1.4166666666666667,1.5277777777777777,0.4722222222222222,2.4857142857142858,0.9428571428571428,0.6285714285714286,5.04,0.0,4.0,4.0,False,2.0
2024-05-11 Newcastle United-Brighton,2024-05-11,Newcastle United,Brighton,Darren England,2.2285714285714286,1.6,0.5714285714285714,1.5142857142857142,1.6285714285714286,0.6571428571428571,4.7272727272727275,1.0,1.0,2.0,True,7.0
2024-05-12 Manchester Utd-Arsenal,2024-05-12,Manchester Utd,Arsenal,Paul Tierney,1.4857142857142858,1.5714285714285714,0.5714285714285714,2.4444444444444446,0.7777777777777778,0.4166666666666667,3.7083333333333335,0.0,1.0,1.0,False,2.0
2024-05-13 Aston Villa-Liverpool,2024-05-13,Aston Villa,Liverpool,Simon Hooper,2.0277777777777777,1.4722222222222223,0.6666666666666666,2.25,1.0555555555555556,0.6944444444444444,4.521739130434782,3.0,3.0,6.0,True,2.0
2024-05-14 Tottenham Hotspur-Manchester City,2024-05-14,Tottenham Hotspur,Manchester City,Chris Kavanagh,1.9722222222222223,1.6388888888888888,0.75,2.5277777777777777,0.9166666666666666,0.6111111111111112,4.055555555555555,0.0,2.0,2.0,False,6.0
2024-05-15 Brighton-Chelsea,2024-05-15,Brighton,Chelsea,Michael Salisbury,1.5,1.6111111111111112,0.6666666666666666,2.0277777777777777,1.6944444444444444,0.6388888888888888,4.0,1.0,2.0,3.0,True,5.0
2024-05-15 Manchester Utd-Newcastle United,2024-05-15,Manchester Utd,Newcastle United,Robert Jones,1.4444444444444444,1.5555555555555556,0.5555555555555556,2.1944444444444446,1.5833333333333333,0.5833333333333334,4.428571428571429,3.0,2.0,5.0,True,6.0
2024-05-19 Crystal Palace-Aston Villa,2024-05-19,Crystal Palace,Aston Villa,Darren Bond,1.4054054054054055,1.5675675675675675,0.6216216216216216,2.054054054054054,1.5135135135135136,0.6756756756756757,4.75,5.0,0.0,5.0,False,5.0
2024-05-19 Luton Town-Fulham,2024-05-19,Luton Town,Fulham,Matt Donohue,1.3513513513513513,2.189189189189189,0.8108108108108109,1.3783783783783783,1.5945945945945945,0.4594594594594595,4.0,2.0,4.0,6.0,True,9.0
2024-05-19 Liverpool-Wolves,2024-05-19,Liverpool,Wolves,Chris Kavanagh,2.27027027027027,1.1081081081081081,0.7027027027027027,1.3513513513513513,1.7027027027027026,0.6756756756756757,4.157894736842105,2.0,0.0,2.0,False,3.0
2024-05-19 Chelsea-Bournemouth,2024-05-19,Chelsea,Bournemouth,Anthony Taylor,2.027027027027027,1.6756756756756757,0.6486486486486487,1.4324324324324325,1.7567567567567568,0.5945945945945946,4.923076923076923,2.0,1.0,3.0,True,5.0
2024-05-19 Manchester City-West Ham United,2024-05-19,Manchester City,West Ham United,John Brooks,2.5135135135135136,0.8918918918918919,0.5945945945945946,1.5945945945945945,1.9189189189189189,0.6756756756756757,4.333333333333333,3.0,1.0,4.0,True,1.0
2024-05-19 Brighton-Manchester Utd,2024-05-19,Brighton,Manchester Utd,Craig Pawson,1.4864864864864864,1.6216216216216217,0.6756756756756757,1.4864864864864864,1.5675675675675675,0.5675675675675675,4.5,0.0,2.0,2.0,False,4.0
2024-05-19 Brentford-Newcastle United,2024-05-19,Brentford,Newcastle United,Simon Hooper,1.4594594594594594,1.6486486486486487,0.6486486486486487,2.189189189189189,1.6216216216216217,0.5945945945945946,4.416666666666667,2.0,4.0,6.0,True,8.0
2024-05-19 Arsenal-Everton,2024-05-19,Arsenal,Everton,Michael Oliver,2.4054054054054053,0.7567567567567568,0.40540540540540543,1.054054054054054,1.3243243243243243,0.3783783783783784,4.043478260869565,2.0,1.0,3.0,True,7.0
2024-05-19 Burnley-Nottingham Forest,2024-05-19,Burnley,Nottingham Forest,Graham Scott,1.0810810810810811,2.054054054054054,0.6216216216216216,1.2702702702702702,1.7837837837837838,0.6486486486486487,3.2,1.0,2.0,3.0,True,1.0
2024-05-19 Sheffield United-Tottenham Hotspur,2024-05-19,Sheffield United,Tottenham Hotspur,Andy Madley,0.9459459459459459,2.72972972972973,0.5945945945945946,1.9189189189189189,1.6486486486486487,0.7297297297297297,3.9545454545454546,0.0,3.0,3.0,False,2.0
